{
	"credit": "Made with Blockbench",
	"textures": {
		"0": "expansion:items/amethonium_ingot",
		"particle": "expansion:items/amethonium_ingot"
	},
	"elements": [
		{
			"name": "titanium_ingot_0",
			"from": [10, 4, 8],
			"to": [12, 14, 9],
			"faces": {
				"north": {"uv": [10, 12, 12, 2], "rotation": 180, "texture": "#0"},
				"east": {"uv": [11, 2, 12, 12], "texture": "#0"},
				"south": {"uv": [10, 2, 12, 12], "texture": "#0"},
				"west": {"uv": [10, 2, 11, 12], "texture": "#0"},
				"up": {"uv": [12, 2, 10, 3], "rotation": 180, "texture": "#0"},
				"down": {"uv": [10, 11, 12, 12], "texture": "#0"}
			}
		},
		{
			"name": "titanium_ingot_1",
			"from": [7, 3, 8],
			"to": [10, 13, 9],
			"faces": {
				"north": {"uv": [7, 13, 10, 3], "rotation": 180, "texture": "#0"},
				"east": {"uv": [9, 3, 10, 13], "texture": "#0"},
				"south": {"uv": [7, 3, 10, 13], "texture": "#0"},
				"west": {"uv": [7, 3, 8, 13], "texture": "#0"},
				"up": {"uv": [10, 3, 7, 4], "rotation": 180, "texture": "#0"},
				"down": {"uv": [7, 12, 10, 13], "texture": "#0"}
			}
		},
		{
			"name": "titanium_ingot_2",
			"from": [12, 4, 8],
			"to": [13, 13, 9],
			"faces": {
				"north": {"uv": [12, 12, 13, 3], "rotation": 180, "texture": "#0"},
				"east": {"uv": [12, 3, 13, 12], "texture": "#0"},
				"south": {"uv": [12, 3, 13, 12], "texture": "#0"},
				"west": {"uv": [12, 3, 13, 12], "texture": "#0"},
				"up": {"uv": [13, 3, 12, 4], "rotation": 180, "texture": "#0"},
				"down": {"uv": [12, 11, 13, 12], "texture": "#0"}
			}
		},
		{
			"name": "titanium_ingot_3",
			"from": [4, 2, 8],
			"to": [7, 12, 9],
			"faces": {
				"north": {"uv": [4, 14, 7, 4], "rotation": 180, "texture": "#0"},
				"east": {"uv": [6, 4, 7, 14], "texture": "#0"},
				"south": {"uv": [4, 4, 7, 14], "texture": "#0"},
				"west": {"uv": [4, 4, 5, 14], "texture": "#0"},
				"up": {"uv": [7, 4, 4, 5], "rotation": 180, "texture": "#0"},
				"down": {"uv": [4, 13, 7, 14], "texture": "#0"}
			}
		},
		{
			"name": "titanium_ingot_4",
			"from": [13, 5, 8],
			"to": [14, 12, 9],
			"faces": {
				"north": {"uv": [13, 11, 14, 4], "rotation": 180, "texture": "#0"},
				"east": {"uv": [13, 4, 14, 11], "texture": "#0"},
				"south": {"uv": [13, 4, 14, 11], "texture": "#0"},
				"west": {"uv": [13, 4, 14, 11], "texture": "#0"},
				"up": {"uv": [14, 4, 13, 5], "rotation": 180, "texture": "#0"},
				"down": {"uv": [13, 10, 14, 11], "texture": "#0"}
			}
		},
		{
			"name": "titanium_ingot_5",
			"from": [1, 4, 8],
			"to": [4, 11, 9],
			"faces": {
				"north": {"uv": [1, 12, 4, 5], "rotation": 180, "texture": "#0"},
				"east": {"uv": [3, 5, 4, 12], "texture": "#0"},
				"south": {"uv": [1, 5, 4, 12], "texture": "#0"},
				"west": {"uv": [1, 5, 2, 12], "texture": "#0"},
				"up": {"uv": [4, 5, 1, 6], "rotation": 180, "texture": "#0"},
				"down": {"uv": [1, 11, 4, 12], "texture": "#0"}
			}
		},
		{
			"name": "titanium_ingot_6",
			"from": [14, 5, 8],
			"to": [15, 11, 9],
			"faces": {
				"north": {"uv": [14, 11, 15, 5], "rotation": 180, "texture": "#0"},
				"east": {"uv": [14, 5, 15, 11], "texture": "#0"},
				"south": {"uv": [14, 5, 15, 11], "texture": "#0"},
				"west": {"uv": [14, 5, 15, 11], "texture": "#0"},
				"up": {"uv": [15, 5, 14, 6], "rotation": 180, "texture": "#0"},
				"down": {"uv": [14, 10, 15, 11], "texture": "#0"}
			}
		},
		{
			"name": "titanium_ingot_7",
			"from": [0, 5, 8],
			"to": [1, 10, 9],
			"faces": {
				"north": {"uv": [0, 11, 1, 6], "rotation": 180, "texture": "#0"},
				"east": {"uv": [0, 6, 1, 11], "texture": "#0"},
				"south": {"uv": [0, 6, 1, 11], "texture": "#0"},
				"west": {"uv": [0, 6, 1, 11], "texture": "#0"},
				"up": {"uv": [1, 6, 0, 7], "rotation": 180, "texture": "#0"},
				"down": {"uv": [0, 10, 1, 11], "texture": "#0"}
			}
		},
		{
			"name": "titanium_ingot_8",
			"from": [15, 6, 8],
			"to": [16, 10, 9],
			"faces": {
				"north": {"uv": [15, 10, 16, 6], "rotation": 180, "texture": "#0"},
				"east": {"uv": [15, 6, 16, 10], "texture": "#0"},
				"south": {"uv": [15, 6, 16, 10], "texture": "#0"},
				"west": {"uv": [15, 6, 16, 10], "texture": "#0"},
				"up": {"uv": [16, 6, 15, 7], "rotation": 180, "texture": "#0"},
				"down": {"uv": [15, 9, 16, 10], "texture": "#0"}
			}
		},
		{
			"name": "titanium_ingot_9",
			"from": [2, 3, 8],
			"to": [4, 4, 9],
			"faces": {
				"north": {"uv": [2, 13, 4, 12], "rotation": 180, "texture": "#0"},
				"east": {"uv": [3, 12, 4, 13], "texture": "#0"},
				"south": {"uv": [2, 12, 4, 13], "texture": "#0"},
				"west": {"uv": [2, 12, 3, 13], "texture": "#0"},
				"up": {"uv": [4, 12, 2, 13], "rotation": 180, "texture": "#0"},
				"down": {"uv": [2, 12, 4, 13], "texture": "#0"}
			}
		},
		{
			"name": "titanium_ingot_10",
			"from": [3, 2, 8],
			"to": [4, 3, 9],
			"faces": {
				"north": {"uv": [3, 14, 4, 13], "rotation": 180, "texture": "#0"},
				"east": {"uv": [3, 13, 4, 14], "texture": "#0"},
				"south": {"uv": [3, 13, 4, 14], "texture": "#0"},
				"west": {"uv": [3, 13, 4, 14], "texture": "#0"},
				"up": {"uv": [4, 13, 3, 14], "rotation": 180, "texture": "#0"},
				"down": {"uv": [3, 13, 4, 14], "texture": "#0"}
			}
		}
	],
	"gui_light": "front",
	"display": {
		"thirdperson_righthand": {
			"translation": [0, 3, 1],
			"scale": [0.55, 0.55, 0.55]
		},
		"thirdperson_lefthand": {
			"translation": [0, 3, 1],
			"scale": [0.55, 0.55, 0.55]
		},
		"firstperson_righthand": {
			"rotation": [0, -90, 25],
			"translation": [1.13, 3.2, 1.13],
			"scale": [0.68, 0.68, 0.68]
		},
		"firstperson_lefthand": {
			"rotation": [0, -90, 25],
			"translation": [1.13, 3.2, 1.13],
			"scale": [0.68, 0.68, 0.68]
		},
		"ground": {
			"translation": [0, 2, 0],
			"scale": [0.5, 0.5, 0.5]
		},
		"head": {
			"rotation": [0, 180, 0],
			"translation": [0, 13, 7]
		},
		"fixed": {
			"rotation": [0, 180, 0]
		}
	},
	"groups": [
		{
			"name": "titanium_ingot",
			"origin": [8, 8, 8],
			"color": 0,
			"nbt": "{}",
			"armAnimationEnabled": false,
			"children": [0, 1, 2, 3, 4, 5, 6, 7, 8, 9, 10]
		}
	]
}