{
	"credit": "Made with Blockbench",
	"textures": {
		"0": "expansion:items/cryonite_crystal",
		"particle": "expansion:items/cryonite_crystal"
	},
	"elements": [
		{
			"name": "cryonite_crystal_0",
			"from": [11, 9, 7.5],
			"to": [14, 14, 8.5],
			"faces": {
				"north": {"uv": [11, 7, 14, 2], "rotation": 180, "texture": "#0"},
				"east": {"uv": [13, 2, 14, 7], "texture": "#0"},
				"south": {"uv": [11, 2, 14, 7], "texture": "#0"},
				"west": {"uv": [11, 2, 12, 7], "texture": "#0"},
				"up": {"uv": [14, 2, 11, 3], "rotation": 180, "texture": "#0"},
				"down": {"uv": [11, 6, 14, 7], "texture": "#0"}
			}
		},
		{
			"name": "cryonite_crystal_1",
			"from": [9, 6, 7.5],
			"to": [11, 13, 8.5],
			"faces": {
				"north": {"uv": [9, 10, 11, 3], "rotation": 180, "texture": "#0"},
				"east": {"uv": [10, 3, 11, 10], "texture": "#0"},
				"south": {"uv": [9, 3, 11, 10], "texture": "#0"},
				"west": {"uv": [9, 3, 10, 10], "texture": "#0"},
				"up": {"uv": [11, 3, 9, 4], "rotation": 180, "texture": "#0"},
				"down": {"uv": [9, 9, 11, 10], "texture": "#0"}
			}
		},
		{
			"name": "cryonite_crystal_2",
			"from": [8, 4, 7.5],
			"to": [9, 12, 8.5],
			"faces": {
				"north": {"uv": [8, 12, 9, 4], "rotation": 180, "texture": "#0"},
				"east": {"uv": [8, 4, 9, 12], "texture": "#0"},
				"south": {"uv": [8, 4, 9, 12], "texture": "#0"},
				"west": {"uv": [8, 4, 9, 12], "texture": "#0"},
				"up": {"uv": [9, 4, 8, 5], "rotation": 180, "texture": "#0"},
				"down": {"uv": [8, 11, 9, 12], "texture": "#0"}
			}
		},
		{
			"name": "cryonite_crystal_3",
			"from": [7, 3, 7.5],
			"to": [8, 11, 8.5],
			"faces": {
				"north": {"uv": [7, 13, 8, 5], "rotation": 180, "texture": "#0"},
				"east": {"uv": [7, 5, 8, 13], "texture": "#0"},
				"south": {"uv": [7, 5, 8, 13], "texture": "#0"},
				"west": {"uv": [7, 5, 8, 13], "texture": "#0"},
				"up": {"uv": [8, 5, 7, 6], "rotation": 180, "texture": "#0"},
				"down": {"uv": [7, 12, 8, 13], "texture": "#0"}
			}
		},
		{
			"name": "cryonite_crystal_4",
			"from": [6, 3, 7.5],
			"to": [7, 10, 8.5],
			"faces": {
				"north": {"uv": [6, 13, 7, 6], "rotation": 180, "texture": "#0"},
				"east": {"uv": [6, 6, 7, 13], "texture": "#0"},
				"south": {"uv": [6, 6, 7, 13], "texture": "#0"},
				"west": {"uv": [6, 6, 7, 13], "texture": "#0"},
				"up": {"uv": [7, 6, 6, 7], "rotation": 180, "texture": "#0"},
				"down": {"uv": [6, 12, 7, 13], "texture": "#0"}
			}
		},
		{
			"name": "cryonite_crystal_5",
			"from": [5, 2, 7.5],
			"to": [6, 9, 8.5],
			"faces": {
				"north": {"uv": [5, 14, 6, 7], "rotation": 180, "texture": "#0"},
				"east": {"uv": [5, 7, 6, 14], "texture": "#0"},
				"south": {"uv": [5, 7, 6, 14], "texture": "#0"},
				"west": {"uv": [5, 7, 6, 14], "texture": "#0"},
				"up": {"uv": [6, 7, 5, 8], "rotation": 180, "texture": "#0"},
				"down": {"uv": [5, 13, 6, 14], "texture": "#0"}
			}
		},
		{
			"name": "cryonite_crystal_6",
			"from": [11, 8, 7.5],
			"to": [13, 9, 8.5],
			"faces": {
				"north": {"uv": [11, 8, 13, 7], "rotation": 180, "texture": "#0"},
				"east": {"uv": [12, 7, 13, 8], "texture": "#0"},
				"south": {"uv": [11, 7, 13, 8], "texture": "#0"},
				"west": {"uv": [11, 7, 12, 8], "texture": "#0"},
				"up": {"uv": [13, 7, 11, 8], "rotation": 180, "texture": "#0"},
				"down": {"uv": [11, 7, 13, 8], "texture": "#0"}
			}
		},
		{
			"name": "cryonite_crystal_7",
			"from": [4, 2, 7.5],
			"to": [5, 8, 8.5],
			"faces": {
				"north": {"uv": [4, 14, 5, 8], "rotation": 180, "texture": "#0"},
				"east": {"uv": [4, 8, 5, 14], "texture": "#0"},
				"south": {"uv": [4, 8, 5, 14], "texture": "#0"},
				"west": {"uv": [4, 8, 5, 14], "texture": "#0"},
				"up": {"uv": [5, 8, 4, 9], "rotation": 180, "texture": "#0"},
				"down": {"uv": [4, 13, 5, 14], "texture": "#0"}
			}
		},
		{
			"name": "cryonite_crystal_8",
			"from": [11, 7, 7.5],
			"to": [12, 8, 8.5],
			"faces": {
				"north": {"uv": [11, 9, 12, 8], "rotation": 180, "texture": "#0"},
				"east": {"uv": [11, 8, 12, 9], "texture": "#0"},
				"south": {"uv": [11, 8, 12, 9], "texture": "#0"},
				"west": {"uv": [11, 8, 12, 9], "texture": "#0"},
				"up": {"uv": [12, 8, 11, 9], "rotation": 180, "texture": "#0"},
				"down": {"uv": [11, 8, 12, 9], "texture": "#0"}
			}
		},
		{
			"name": "cryonite_crystal_9",
			"from": [3, 3, 7.5],
			"to": [4, 7, 8.5],
			"faces": {
				"north": {"uv": [3, 13, 4, 9], "rotation": 180, "texture": "#0"},
				"east": {"uv": [3, 9, 4, 13], "texture": "#0"},
				"south": {"uv": [3, 9, 4, 13], "texture": "#0"},
				"west": {"uv": [3, 9, 4, 13], "texture": "#0"},
				"up": {"uv": [4, 9, 3, 10], "rotation": 180, "texture": "#0"},
				"down": {"uv": [3, 12, 4, 13], "texture": "#0"}
			}
		},
		{
			"name": "cryonite_crystal_10",
			"from": [2, 3, 7.5],
			"to": [3, 6, 8.5],
			"faces": {
				"north": {"uv": [2, 13, 3, 10], "rotation": 180, "texture": "#0"},
				"east": {"uv": [2, 10, 3, 13], "texture": "#0"},
				"south": {"uv": [2, 10, 3, 13], "texture": "#0"},
				"west": {"uv": [2, 10, 3, 13], "texture": "#0"},
				"up": {"uv": [3, 10, 2, 11], "rotation": 180, "texture": "#0"},
				"down": {"uv": [2, 12, 3, 13], "texture": "#0"}
			}
		},
		{
			"name": "cryonite_crystal_11",
			"from": [9, 5, 7.5],
			"to": [10, 6, 8.5],
			"faces": {
				"north": {"uv": [9, 11, 10, 10], "rotation": 180, "texture": "#0"},
				"east": {"uv": [9, 10, 10, 11], "texture": "#0"},
				"south": {"uv": [9, 10, 10, 11], "texture": "#0"},
				"west": {"uv": [9, 10, 10, 11], "texture": "#0"},
				"up": {"uv": [10, 10, 9, 11], "rotation": 180, "texture": "#0"},
				"down": {"uv": [9, 10, 10, 11], "texture": "#0"}
			}
		}
	],
	"gui_light": "front",
	"display": {
		"thirdperson_righthand": {
			"translation": [0, 3, 1],
			"scale": [0.55, 0.55, 0.55]
		},
		"thirdperson_lefthand": {
			"translation": [0, 3, 1],
			"scale": [0.55, 0.55, 0.55]
		},
		"firstperson_righthand": {
			"rotation": [0, -90, 25],
			"translation": [1.13, 3.2, 1.13],
			"scale": [0.68, 0.68, 0.68]
		},
		"firstperson_lefthand": {
			"rotation": [0, -90, 25],
			"translation": [1.13, 3.2, 1.13],
			"scale": [0.68, 0.68, 0.68]
		},
		"ground": {
			"translation": [0, 2, 0],
			"scale": [0.5, 0.5, 0.5]
		},
		"head": {
			"rotation": [0, 180, 0],
			"translation": [0, 13, 7]
		},
		"fixed": {
			"rotation": [0, 180, 0]
		}
	},
	"groups": [
		{
			"name": "cryonite_crystal",
			"origin": [8, 8, 8],
			"color": 0,
			"nbt": "{}",
			"armAnimationEnabled": false,
			"children": [0, 1, 2, 3, 4, 5, 6, 7, 8, 9, 10, 11]
		}
	]
}