{
	"credit": "Made with Blockbench",
	"textures": {
		"0": "expansion:items/magnet",
		"particle": "expansion:items/magnet"
	},
	"elements": [
		{
			"name": "magnet_0",
			"from": [10.03571, 0.71429, 7.5],
			"to": [12.03571, 8.71429, 8.5],
			"rotation": {"angle": 0, "axis": "y", "origin": [0.03571, -0.28571, 8.5]},
			"faces": {
				"north": {"uv": [10, 1, 12, 9], "rotation": 180, "texture": "#0"},
				"east": {"uv": [11, 1, 12, 9], "rotation": 180, "texture": "#0"},
				"south": {"uv": [10, 9, 12, 1], "texture": "#0"},
				"west": {"uv": [10, 1, 11, 9], "rotation": 180, "texture": "#0"},
				"up": {"uv": [10, 8, 12, 9], "texture": "#0"},
				"down": {"uv": [12, 1, 10, 2], "rotation": 180, "texture": "#0"}
			}
		},
		{
			"name": "magnet_1",
			"from": [9.03571, 1.71429, 7.5],
			"to": [10.03571, 10.71429, 8.5],
			"rotation": {"angle": 0, "axis": "y", "origin": [0.03571, -0.28571, 8.5]},
			"faces": {
				"north": {"uv": [9, 2, 10, 11], "rotation": 180, "texture": "#0"},
				"east": {"uv": [9, 2, 10, 11], "rotation": 180, "texture": "#0"},
				"south": {"uv": [9, 11, 10, 2], "texture": "#0"},
				"west": {"uv": [9, 2, 10, 11], "rotation": 180, "texture": "#0"},
				"up": {"uv": [9, 10, 10, 11], "texture": "#0"},
				"down": {"uv": [10, 2, 9, 3], "rotation": 180, "texture": "#0"}
			}
		},
		{
			"name": "magnet_2",
			"from": [12.03571, 1.71429, 7.5],
			"to": [13.03571, 7.71429, 8.5],
			"rotation": {"angle": 0, "axis": "y", "origin": [0.03571, -0.28571, 8.5]},
			"faces": {
				"north": {"uv": [12, 2, 13, 8], "rotation": 180, "texture": "#0"},
				"east": {"uv": [12, 2, 13, 8], "rotation": 180, "texture": "#0"},
				"south": {"uv": [12, 8, 13, 2], "texture": "#0"},
				"west": {"uv": [12, 2, 13, 8], "rotation": 180, "texture": "#0"},
				"up": {"uv": [12, 7, 13, 8], "texture": "#0"},
				"down": {"uv": [13, 2, 12, 3], "rotation": 180, "texture": "#0"}
			}
		},
		{
			"name": "magnet_3",
			"from": [8.03571, 2.71429, 7.5],
			"to": [9.03571, 11.71429, 8.5],
			"rotation": {"angle": 0, "axis": "y", "origin": [0.03571, -0.28571, 8.5]},
			"faces": {
				"north": {"uv": [8, 3, 9, 12], "rotation": 180, "texture": "#0"},
				"east": {"uv": [8, 3, 9, 12], "rotation": 180, "texture": "#0"},
				"south": {"uv": [8, 12, 9, 3], "texture": "#0"},
				"west": {"uv": [8, 3, 9, 12], "rotation": 180, "texture": "#0"},
				"up": {"uv": [8, 11, 9, 12], "texture": "#0"},
				"down": {"uv": [9, 3, 8, 4], "rotation": 180, "texture": "#0"}
			}
		},
		{
			"name": "magnet_4",
			"from": [13.03571, 2.71429, 7.5],
			"to": [14.03571, 6.71429, 8.5],
			"rotation": {"angle": 0, "axis": "y", "origin": [0.03571, -0.28571, 8.5]},
			"faces": {
				"north": {"uv": [13, 3, 14, 7], "rotation": 180, "texture": "#0"},
				"east": {"uv": [13, 3, 14, 7], "rotation": 180, "texture": "#0"},
				"south": {"uv": [13, 7, 14, 3], "texture": "#0"},
				"west": {"uv": [13, 3, 14, 7], "rotation": 180, "texture": "#0"},
				"up": {"uv": [13, 6, 14, 7], "texture": "#0"},
				"down": {"uv": [14, 3, 13, 4], "rotation": 180, "texture": "#0"}
			}
		},
		{
			"name": "magnet_5",
			"from": [7.03571, 3.71429, 7.5],
			"to": [8.03571, 12.71429, 8.5],
			"rotation": {"angle": 0, "axis": "y", "origin": [0.03571, -0.28571, 8.5]},
			"faces": {
				"north": {"uv": [7, 4, 8, 13], "rotation": 180, "texture": "#0"},
				"east": {"uv": [7, 4, 8, 13], "rotation": 180, "texture": "#0"},
				"south": {"uv": [7, 13, 8, 4], "texture": "#0"},
				"west": {"uv": [7, 4, 8, 13], "rotation": 180, "texture": "#0"},
				"up": {"uv": [7, 12, 8, 13], "texture": "#0"},
				"down": {"uv": [8, 4, 7, 5], "rotation": 180, "texture": "#0"}
			}
		},
		{
			"name": "magnet_6",
			"from": [14.03571, 3.71429, 7.5],
			"to": [15.03571, 5.71429, 8.5],
			"rotation": {"angle": 0, "axis": "y", "origin": [0.03571, -0.28571, 8.5]},
			"faces": {
				"north": {"uv": [14, 4, 15, 6], "rotation": 180, "texture": "#0"},
				"east": {"uv": [14, 4, 15, 6], "rotation": 180, "texture": "#0"},
				"south": {"uv": [14, 6, 15, 4], "texture": "#0"},
				"west": {"uv": [14, 4, 15, 6], "rotation": 180, "texture": "#0"},
				"up": {"uv": [14, 5, 15, 6], "texture": "#0"},
				"down": {"uv": [15, 4, 14, 5], "rotation": 180, "texture": "#0"}
			}
		},
		{
			"name": "magnet_7",
			"from": [6.03571, 4.71429, 7.5],
			"to": [7.03571, 13.71429, 8.5],
			"rotation": {"angle": 0, "axis": "y", "origin": [0.03571, -0.28571, 8.5]},
			"faces": {
				"north": {"uv": [6, 5, 7, 14], "rotation": 180, "texture": "#0"},
				"east": {"uv": [6, 5, 7, 14], "rotation": 180, "texture": "#0"},
				"south": {"uv": [6, 14, 7, 5], "texture": "#0"},
				"west": {"uv": [6, 5, 7, 14], "rotation": 180, "texture": "#0"},
				"up": {"uv": [6, 13, 7, 14], "texture": "#0"},
				"down": {"uv": [7, 5, 6, 6], "rotation": 180, "texture": "#0"}
			}
		},
		{
			"name": "magnet_8",
			"from": [5.03571, 5.71429, 7.5],
			"to": [6.03571, 14.71429, 8.5],
			"rotation": {"angle": 0, "axis": "y", "origin": [0.03571, -0.28571, 8.5]},
			"faces": {
				"north": {"uv": [5, 6, 6, 15], "rotation": 180, "texture": "#0"},
				"east": {"uv": [5, 6, 6, 15], "rotation": 180, "texture": "#0"},
				"south": {"uv": [5, 15, 6, 6], "texture": "#0"},
				"west": {"uv": [5, 6, 6, 15], "rotation": 180, "texture": "#0"},
				"up": {"uv": [5, 14, 6, 15], "texture": "#0"},
				"down": {"uv": [6, 6, 5, 7], "rotation": 180, "texture": "#0"}
			}
		},
		{
			"name": "magnet_9",
			"from": [4.03571, 6.71429, 7.5],
			"to": [5.03571, 14.71429, 8.5],
			"rotation": {"angle": 0, "axis": "y", "origin": [0.03571, -0.28571, 8.5]},
			"faces": {
				"north": {"uv": [4, 7, 5, 15], "rotation": 180, "texture": "#0"},
				"east": {"uv": [4, 7, 5, 15], "rotation": 180, "texture": "#0"},
				"south": {"uv": [4, 15, 5, 7], "texture": "#0"},
				"west": {"uv": [4, 7, 5, 15], "rotation": 180, "texture": "#0"},
				"up": {"uv": [4, 14, 5, 15], "texture": "#0"},
				"down": {"uv": [5, 7, 4, 8], "rotation": 180, "texture": "#0"}
			}
		},
		{
			"name": "magnet_10",
			"from": [3.03571, 7.71429, 7.5],
			"to": [4.03571, 13.71429, 8.5],
			"rotation": {"angle": 0, "axis": "y", "origin": [0.03571, -0.28571, 8.5]},
			"faces": {
				"north": {"uv": [3, 8, 4, 14], "rotation": 180, "texture": "#0"},
				"east": {"uv": [3, 8, 4, 14], "rotation": 180, "texture": "#0"},
				"south": {"uv": [3, 14, 4, 8], "texture": "#0"},
				"west": {"uv": [3, 8, 4, 14], "rotation": 180, "texture": "#0"},
				"up": {"uv": [3, 13, 4, 14], "texture": "#0"},
				"down": {"uv": [4, 8, 3, 9], "rotation": 180, "texture": "#0"}
			}
		},
		{
			"name": "magnet_11",
			"from": [2.03571, 8.71429, 7.5],
			"to": [3.03571, 12.71429, 8.5],
			"rotation": {"angle": 0, "axis": "y", "origin": [0.03571, -0.28571, 8.5]},
			"faces": {
				"north": {"uv": [2, 9, 3, 13], "rotation": 180, "texture": "#0"},
				"east": {"uv": [2, 9, 3, 13], "rotation": 180, "texture": "#0"},
				"south": {"uv": [2, 13, 3, 9], "texture": "#0"},
				"west": {"uv": [2, 9, 3, 13], "rotation": 180, "texture": "#0"},
				"up": {"uv": [2, 12, 3, 13], "texture": "#0"},
				"down": {"uv": [3, 9, 2, 10], "rotation": 180, "texture": "#0"}
			}
		},
		{
			"name": "magnet_12",
			"from": [10.03571, 8.71429, 7.5],
			"to": [11.03571, 9.71429, 8.5],
			"rotation": {"angle": 0, "axis": "y", "origin": [0.03571, -0.28571, 8.5]},
			"faces": {
				"north": {"uv": [10, 9, 11, 10], "rotation": 180, "texture": "#0"},
				"east": {"uv": [10, 9, 11, 10], "rotation": 180, "texture": "#0"},
				"south": {"uv": [10, 10, 11, 9], "texture": "#0"},
				"west": {"uv": [10, 9, 11, 10], "rotation": 180, "texture": "#0"},
				"up": {"uv": [10, 9, 11, 10], "texture": "#0"},
				"down": {"uv": [11, 9, 10, 10], "rotation": 180, "texture": "#0"}
			}
		},
		{
			"name": "magnet_13",
			"from": [1.03571, 9.71429, 7.5],
			"to": [2.03571, 11.71429, 8.5],
			"rotation": {"angle": 0, "axis": "y", "origin": [0.03571, -0.28571, 8.5]},
			"faces": {
				"north": {"uv": [1, 10, 2, 12], "rotation": 180, "texture": "#0"},
				"east": {"uv": [1, 10, 2, 12], "rotation": 180, "texture": "#0"},
				"south": {"uv": [1, 12, 2, 10], "texture": "#0"},
				"west": {"uv": [1, 10, 2, 12], "rotation": 180, "texture": "#0"},
				"up": {"uv": [1, 11, 2, 12], "texture": "#0"},
				"down": {"uv": [2, 10, 1, 11], "rotation": 180, "texture": "#0"}
			}
		}
	],
	"gui_light": "front",
	"display": {
		"thirdperson_righthand": {
			"translation": [0, 3, 1],
			"scale": [0.55, 0.55, 0.55]
		},
		"thirdperson_lefthand": {
			"translation": [0, 3, 1],
			"scale": [0.55, 0.55, 0.55]
		},
		"firstperson_righthand": {
			"rotation": [0, -90, 25],
			"translation": [1.13, 3.2, 1.13],
			"scale": [0.68, 0.68, 0.68]
		},
		"firstperson_lefthand": {
			"rotation": [0, -90, 105],
			"translation": [1.13, 3.2, 1.13],
			"scale": [0.68, 0.68, 0.68]
		},
		"ground": {
			"translation": [0, 2, 0],
			"scale": [0.5, 0.5, 0.5]
		},
		"head": {
			"rotation": [90, 0, 0],
			"translation": [0, -42.4, 0],
			"scale": [1.6, 1.6, 1.6]
		},
		"fixed": {
			"rotation": [0, 180, 0]
		}
	},
	"groups": [
		{
			"name": "magnet",
			"origin": [8, 8, 8],
			"color": 0,
			"children": [0, 1, 2, 3, 4, 5, 6, 7, 8, 9, 10, 11, 12, 13]
		}
	]
}