{
	"credit": "Made with Blockbench",
	"textures": {
		"0": "expansion:items/thruster",
		"particle": "expansion:items/thruster"
	},
	"elements": [
		{
			"name": "thruster_0",
			"from": [1, 11, 7.5],
			"to": [4, 16, 8.5],
			"rotation": {"angle": 0, "axis": "z", "origin": [8.25, 8, 8.25]},
			"faces": {
				"north": {"uv": [1, 5, 4, 0], "rotation": 180, "texture": "#0"},
				"east": {"uv": [4, 5, 3, 0], "rotation": 180, "texture": "#0"},
				"south": {"uv": [1, 0, 4, 5], "texture": "#0"},
				"west": {"uv": [2, 5, 1, 0], "rotation": 180, "texture": "#0"},
				"up": {"uv": [4, 0, 1, 1], "rotation": 180, "texture": "#0"},
				"down": {"uv": [1, 4, 4, 5], "texture": "#0"}
			}
		},
		{
			"name": "thruster_1",
			"from": [5, 13, 7.5],
			"to": [12, 16, 8.5],
			"rotation": {"angle": 0, "axis": "z", "origin": [8.25, 8, 8.25]},
			"faces": {
				"north": {"uv": [5, 3, 12, 0], "rotation": 180, "texture": "#0"},
				"east": {"uv": [12, 3, 11, 0], "rotation": 180, "texture": "#0"},
				"south": {"uv": [5, 0, 12, 3], "texture": "#0"},
				"west": {"uv": [6, 3, 5, 0], "rotation": 180, "texture": "#0"},
				"up": {"uv": [12, 0, 5, 1], "rotation": 180, "texture": "#0"},
				"down": {"uv": [5, 2, 12, 3], "texture": "#0"}
			}
		},
		{
			"name": "thruster_2",
			"from": [0, 12, 7.5],
			"to": [1, 15, 8.5],
			"rotation": {"angle": 0, "axis": "z", "origin": [8.25, 8, 8.25]},
			"faces": {
				"north": {"uv": [0, 4, 1, 1], "rotation": 180, "texture": "#0"},
				"east": {"uv": [1, 4, 0, 1], "rotation": 180, "texture": "#0"},
				"south": {"uv": [0, 1, 1, 4], "texture": "#0"},
				"west": {"uv": [1, 4, 0, 1], "rotation": 180, "texture": "#0"},
				"up": {"uv": [1, 1, 0, 2], "rotation": 180, "texture": "#0"},
				"down": {"uv": [0, 3, 1, 4], "texture": "#0"}
			}
		},
		{
			"name": "thruster_3",
			"from": [4, 12, 7.5],
			"to": [5, 15, 8.5],
			"rotation": {"angle": 0, "axis": "z", "origin": [8.25, 8, 8.25]},
			"faces": {
				"north": {"uv": [4, 4, 5, 1], "rotation": 180, "texture": "#0"},
				"east": {"uv": [5, 4, 4, 1], "rotation": 180, "texture": "#0"},
				"south": {"uv": [4, 1, 5, 4], "texture": "#0"},
				"west": {"uv": [5, 4, 4, 1], "rotation": 180, "texture": "#0"},
				"up": {"uv": [5, 1, 4, 2], "rotation": 180, "texture": "#0"},
				"down": {"uv": [4, 3, 5, 4], "texture": "#0"}
			}
		},
		{
			"name": "thruster_4",
			"from": [12, 14, 7.5],
			"to": [14, 15, 8.5],
			"rotation": {"angle": 0, "axis": "z", "origin": [8.25, 8, 8.25]},
			"faces": {
				"north": {"uv": [12, 2, 14, 1], "rotation": 180, "texture": "#0"},
				"east": {"uv": [14, 2, 13, 1], "rotation": 180, "texture": "#0"},
				"south": {"uv": [12, 1, 14, 2], "texture": "#0"},
				"west": {"uv": [13, 2, 12, 1], "rotation": 180, "texture": "#0"},
				"up": {"uv": [14, 1, 12, 2], "rotation": 180, "texture": "#0"},
				"down": {"uv": [12, 1, 14, 2], "texture": "#0"}
			}
		},
		{
			"name": "thruster_5",
			"from": [14, 13, 7.5],
			"to": [15, 14, 8.5],
			"rotation": {"angle": 0, "axis": "z", "origin": [8.25, 8, 8.25]},
			"faces": {
				"north": {"uv": [14, 3, 15, 2], "rotation": 180, "texture": "#0"},
				"east": {"uv": [15, 3, 14, 2], "rotation": 180, "texture": "#0"},
				"south": {"uv": [14, 2, 15, 3], "texture": "#0"},
				"west": {"uv": [15, 3, 14, 2], "rotation": 180, "texture": "#0"},
				"up": {"uv": [15, 2, 14, 3], "rotation": 180, "texture": "#0"},
				"down": {"uv": [14, 2, 15, 3], "texture": "#0"}
			}
		},
		{
			"name": "thruster_6",
			"from": [6, 0, 7.5],
			"to": [10, 13, 8.5],
			"rotation": {"angle": 0, "axis": "z", "origin": [8.25, 8, 8.25]},
			"faces": {
				"north": {"uv": [6, 16, 10, 3], "rotation": 180, "texture": "#0"},
				"east": {"uv": [10, 16, 9, 3], "rotation": 180, "texture": "#0"},
				"south": {"uv": [6, 3, 10, 16], "texture": "#0"},
				"west": {"uv": [7, 16, 6, 3], "rotation": 180, "texture": "#0"},
				"up": {"uv": [10, 3, 6, 4], "rotation": 180, "texture": "#0"},
				"down": {"uv": [6, 15, 10, 16], "texture": "#0"}
			}
		},
		{
			"name": "thruster_7",
			"from": [15, 10, 7.5],
			"to": [16, 13, 8.5],
			"rotation": {"angle": 0, "axis": "z", "origin": [8.25, 8, 8.25]},
			"faces": {
				"north": {"uv": [15, 6, 16, 3], "rotation": 180, "texture": "#0"},
				"east": {"uv": [16, 6, 15, 3], "rotation": 180, "texture": "#0"},
				"south": {"uv": [15, 3, 16, 6], "texture": "#0"},
				"west": {"uv": [16, 6, 15, 3], "rotation": 180, "texture": "#0"},
				"up": {"uv": [16, 3, 15, 4], "rotation": 180, "texture": "#0"},
				"down": {"uv": [15, 5, 16, 6], "texture": "#0"}
			}
		},
		{
			"name": "thruster_8",
			"from": [5, 0, 7.5],
			"to": [6, 12, 8.5],
			"rotation": {"angle": 0, "axis": "z", "origin": [8.25, 8, 8.25]},
			"faces": {
				"north": {"uv": [5, 16, 6, 4], "rotation": 180, "texture": "#0"},
				"east": {"uv": [6, 16, 5, 4], "rotation": 180, "texture": "#0"},
				"south": {"uv": [5, 4, 6, 16], "texture": "#0"},
				"west": {"uv": [6, 16, 5, 4], "rotation": 180, "texture": "#0"},
				"up": {"uv": [6, 4, 5, 5], "rotation": 180, "texture": "#0"},
				"down": {"uv": [5, 15, 6, 16], "texture": "#0"}
			}
		},
		{
			"name": "thruster_9",
			"from": [10, 0, 7.5],
			"to": [11, 12, 8.5],
			"rotation": {"angle": 0, "axis": "z", "origin": [8.25, 8, 8.25]},
			"faces": {
				"north": {"uv": [10, 16, 11, 4], "rotation": 180, "texture": "#0"},
				"east": {"uv": [11, 16, 10, 4], "rotation": 180, "texture": "#0"},
				"south": {"uv": [10, 4, 11, 16], "texture": "#0"},
				"west": {"uv": [11, 16, 10, 4], "rotation": 180, "texture": "#0"},
				"up": {"uv": [11, 4, 10, 5], "rotation": 180, "texture": "#0"},
				"down": {"uv": [10, 15, 11, 16], "texture": "#0"}
			}
		},
		{
			"name": "thruster_10",
			"from": [4, 0, 7.5],
			"to": [5, 11, 8.5],
			"rotation": {"angle": 0, "axis": "z", "origin": [8.25, 8, 8.25]},
			"faces": {
				"north": {"uv": [4, 16, 5, 5], "rotation": 180, "texture": "#0"},
				"east": {"uv": [5, 16, 4, 5], "rotation": 180, "texture": "#0"},
				"south": {"uv": [4, 5, 5, 16], "texture": "#0"},
				"west": {"uv": [5, 16, 4, 5], "rotation": 180, "texture": "#0"},
				"up": {"uv": [5, 5, 4, 6], "rotation": 180, "texture": "#0"},
				"down": {"uv": [4, 15, 5, 16], "texture": "#0"}
			}
		},
		{
			"name": "thruster_11",
			"from": [11, 0, 7.5],
			"to": [12, 11, 8.5],
			"rotation": {"angle": 0, "axis": "z", "origin": [8.25, 8, 8.25]},
			"faces": {
				"north": {"uv": [11, 16, 12, 5], "rotation": 180, "texture": "#0"},
				"east": {"uv": [12, 16, 11, 5], "rotation": 180, "texture": "#0"},
				"south": {"uv": [11, 5, 12, 16], "texture": "#0"},
				"west": {"uv": [12, 16, 11, 5], "rotation": 180, "texture": "#0"},
				"up": {"uv": [12, 5, 11, 6], "rotation": 180, "texture": "#0"},
				"down": {"uv": [11, 15, 12, 16], "texture": "#0"}
			}
		},
		{
			"name": "thruster_12",
			"from": [14, 9, 7.5],
			"to": [15, 10, 8.5],
			"rotation": {"angle": 0, "axis": "z", "origin": [8.25, 8, 8.25]},
			"faces": {
				"north": {"uv": [14, 7, 15, 6], "rotation": 180, "texture": "#0"},
				"east": {"uv": [15, 7, 14, 6], "rotation": 180, "texture": "#0"},
				"south": {"uv": [14, 6, 15, 7], "texture": "#0"},
				"west": {"uv": [15, 7, 14, 6], "rotation": 180, "texture": "#0"},
				"up": {"uv": [15, 6, 14, 7], "rotation": 180, "texture": "#0"},
				"down": {"uv": [14, 6, 15, 7], "texture": "#0"}
			}
		},
		{
			"name": "thruster_13",
			"from": [3, 0, 7.5],
			"to": [4, 9, 8.5],
			"rotation": {"angle": 0, "axis": "z", "origin": [8.25, 8, 8.25]},
			"faces": {
				"north": {"uv": [3, 16, 4, 7], "rotation": 180, "texture": "#0"},
				"east": {"uv": [4, 16, 3, 7], "rotation": 180, "texture": "#0"},
				"south": {"uv": [3, 7, 4, 16], "texture": "#0"},
				"west": {"uv": [4, 16, 3, 7], "rotation": 180, "texture": "#0"},
				"up": {"uv": [4, 7, 3, 8], "rotation": 180, "texture": "#0"},
				"down": {"uv": [3, 15, 4, 16], "texture": "#0"}
			}
		},
		{
			"name": "thruster_14",
			"from": [12, 8, 7.5],
			"to": [14, 9, 8.5],
			"rotation": {"angle": 0, "axis": "z", "origin": [8.25, 8, 8.25]},
			"faces": {
				"north": {"uv": [12, 8, 14, 7], "rotation": 180, "texture": "#0"},
				"east": {"uv": [14, 8, 13, 7], "rotation": 180, "texture": "#0"},
				"south": {"uv": [12, 7, 14, 8], "texture": "#0"},
				"west": {"uv": [13, 8, 12, 7], "rotation": 180, "texture": "#0"},
				"up": {"uv": [14, 7, 12, 8], "rotation": 180, "texture": "#0"},
				"down": {"uv": [12, 7, 14, 8], "texture": "#0"}
			}
		},
		{
			"name": "thruster_15",
			"from": [12, 0, 7.5],
			"to": [13, 8, 8.5],
			"rotation": {"angle": 0, "axis": "z", "origin": [8.25, 8, 8.25]},
			"faces": {
				"north": {"uv": [12, 16, 13, 8], "rotation": 180, "texture": "#0"},
				"east": {"uv": [13, 16, 12, 8], "rotation": 180, "texture": "#0"},
				"south": {"uv": [12, 8, 13, 16], "texture": "#0"},
				"west": {"uv": [13, 16, 12, 8], "rotation": 180, "texture": "#0"},
				"up": {"uv": [13, 8, 12, 9], "rotation": 180, "texture": "#0"},
				"down": {"uv": [12, 15, 13, 16], "texture": "#0"}
			}
		},
		{
			"name": "thruster_16",
			"from": [2, 0, 7.5],
			"to": [3, 7, 8.5],
			"rotation": {"angle": 0, "axis": "z", "origin": [8.25, 8, 8.25]},
			"faces": {
				"north": {"uv": [2, 16, 3, 9], "rotation": 180, "texture": "#0"},
				"east": {"uv": [3, 16, 2, 9], "rotation": 180, "texture": "#0"},
				"south": {"uv": [2, 9, 3, 16], "texture": "#0"},
				"west": {"uv": [3, 16, 2, 9], "rotation": 180, "texture": "#0"},
				"up": {"uv": [3, 9, 2, 10], "rotation": 180, "texture": "#0"},
				"down": {"uv": [2, 15, 3, 16], "texture": "#0"}
			}
		},
		{
			"name": "thruster_17",
			"from": [13, 0, 7.5],
			"to": [14, 7, 8.5],
			"rotation": {"angle": 0, "axis": "z", "origin": [8.25, 8, 8.25]},
			"faces": {
				"north": {"uv": [13, 16, 14, 9], "rotation": 180, "texture": "#0"},
				"east": {"uv": [14, 16, 13, 9], "rotation": 180, "texture": "#0"},
				"south": {"uv": [13, 9, 14, 16], "texture": "#0"},
				"west": {"uv": [14, 16, 13, 9], "rotation": 180, "texture": "#0"},
				"up": {"uv": [14, 9, 13, 10], "rotation": 180, "texture": "#0"},
				"down": {"uv": [13, 15, 14, 16], "texture": "#0"}
			}
		},
		{
			"name": "thruster_18",
			"from": [1, 0, 7.5],
			"to": [2, 4, 8.5],
			"rotation": {"angle": 0, "axis": "z", "origin": [8.25, 8, 8.25]},
			"faces": {
				"north": {"uv": [1, 16, 2, 12], "rotation": 180, "texture": "#0"},
				"east": {"uv": [2, 16, 1, 12], "rotation": 180, "texture": "#0"},
				"south": {"uv": [1, 12, 2, 16], "texture": "#0"},
				"west": {"uv": [2, 16, 1, 12], "rotation": 180, "texture": "#0"},
				"up": {"uv": [2, 12, 1, 13], "rotation": 180, "texture": "#0"},
				"down": {"uv": [1, 15, 2, 16], "texture": "#0"}
			}
		},
		{
			"name": "thruster_19",
			"from": [14, 0, 7.5],
			"to": [15, 4, 8.5],
			"rotation": {"angle": 0, "axis": "z", "origin": [8.25, 8, 8.25]},
			"faces": {
				"north": {"uv": [14, 16, 15, 12], "rotation": 180, "texture": "#0"},
				"east": {"uv": [15, 16, 14, 12], "rotation": 180, "texture": "#0"},
				"south": {"uv": [14, 12, 15, 16], "texture": "#0"},
				"west": {"uv": [15, 16, 14, 12], "rotation": 180, "texture": "#0"},
				"up": {"uv": [15, 12, 14, 13], "rotation": 180, "texture": "#0"},
				"down": {"uv": [14, 15, 15, 16], "texture": "#0"}
			}
		}
	],
	"gui_light": "front",
	"display": {
		"thirdperson_righthand": {
			"translation": [0, 3, 1],
			"scale": [0.55, 0.55, 0.55]
		},
		"thirdperson_lefthand": {
			"translation": [0, 3, 1],
			"scale": [0.55, 0.55, 0.55]
		},
		"firstperson_righthand": {
			"rotation": [0, -90, 25],
			"translation": [1.13, 3.2, 1.13],
			"scale": [0.68, 0.68, 0.68]
		},
		"firstperson_lefthand": {
			"rotation": [0, -90, 25],
			"translation": [1.13, 3.2, 1.13],
			"scale": [0.68, 0.68, 0.68]
		},
		"ground": {
			"translation": [0, 2, 0],
			"scale": [0.5, 0.5, 0.5]
		},
		"head": {
			"rotation": [90, 0, 0],
			"translation": [0, -42.4, 0],
			"scale": [1.6, 1.6, 1.6]
		},
		"fixed": {
			"rotation": [0, 180, 0]
		}
	},
	"groups": [
		{
			"name": "thruster",
			"origin": [8, 8, 8],
			"color": 0,
			"nbt": "{}",
			"armAnimationEnabled": false,
			"children": [0, 1, 2, 3, 4, 5, 6, 7, 8, 9, 10, 11, 12, 13, 14, 15, 16, 17, 18, 19]
		}
	]
}