{
	"credit": "Made with Blockbench",
	"textures": {
		"1": "expansion:vehicles/lunar_module/lunar_module",
		"2": "expansion:vehicles/lunar_module/lunar_module_interior",
		"4": "expansion:vehicles/lunar_module/interior_windows",
		"particle": "expansion:vehicles/lunar_module/lunar_module_interior"
	},
	"elements": [
		{
			"from": [11.74317, 17.73589, 4.18308],
			"to": [15.43917, 19.05589, 12.10308],
			"rotation": {"angle": -45, "axis": "z", "origin": [17.02317, 18.39589, 8.14308]},
			"faces": {
				"north": {"uv": [11, 4.5, 11.34375, 4.625], "texture": "#1"},
				"east": {"uv": [9.125, 2.5, 9.875, 2.625], "texture": "#1"},
				"south": {"uv": [11, 4.75, 11.34375, 4.875], "texture": "#1"},
				"west": {"uv": [9.25, 8.75, 10, 8.875], "texture": "#1"},
				"up": {"uv": [6.84375, 5.25, 6.5, 4.5], "texture": "#1"},
				"down": {"uv": [4.84375, 6.625, 4.5, 7.375], "texture": "#1"}
			}
		},
		{
			"from": [16.12296, 9.39611, 5.50308],
			"to": [17.44296, 13.35611, 7.48308],
			"rotation": {"angle": 45, "axis": "y", "origin": [16.78296, 11.37611, 6.82308]},
			"faces": {
				"north": {"uv": [2.5, 6.5, 2.625, 6.875], "texture": "#1"},
				"east": {"uv": [8, 9.75, 8.1875, 10.125], "texture": "#1"},
				"south": {"uv": [1.25, 10.75, 1.375, 11.125], "texture": "#1"},
				"west": {"uv": [7, 10.125, 7.1875, 10.5], "texture": "#1"},
				"up": {"uv": [5.25, 12.4375, 5.125, 12.25], "texture": "#1"},
				"down": {"uv": [9.125, 12.25, 9, 12.4375], "texture": "#1"}
			}
		},
		{
			"from": [16.39635, 9.39611, 6.82308],
			"to": [17.71635, 13.35611, 9.46308],
			"rotation": {"angle": 0, "axis": "y", "origin": [26.95635, 18.63611, 21.34308]},
			"faces": {
				"north": {"uv": [4.5, 10.875, 4.625, 11.25], "texture": "#1"},
				"east": {"uv": [3.5, 4.5, 3.75, 4.875], "texture": "#1"},
				"south": {"uv": [4.75, 10.875, 4.875, 11.25], "texture": "#1"},
				"west": {"uv": [4.25, 5.875, 4.5, 6.25], "texture": "#1"},
				"up": {"uv": [6.125, 12.125, 6, 11.875], "texture": "#1"},
				"down": {"uv": [12, 6.25, 11.875, 6.5], "texture": "#1"}
			}
		},
		{
			"from": [16.12296, 12.69611, 6.82308],
			"to": [17.44296, 14.67611, 9.46308],
			"rotation": {"angle": 45, "axis": "z", "origin": [16.78296, 13.35611, 8.14308]},
			"faces": {
				"north": {"uv": [9.25, 12.25, 9.375, 12.4375], "texture": "#1"},
				"east": {"uv": [5, 10.875, 5.25, 11.0625], "texture": "#1"},
				"south": {"uv": [9.875, 12.25, 10, 12.4375], "texture": "#1"},
				"west": {"uv": [5.375, 10.875, 5.625, 11.0625], "texture": "#1"},
				"up": {"uv": [12, 6.875, 11.875, 6.625], "texture": "#1"},
				"down": {"uv": [7.25, 11.875, 7.125, 12.125], "texture": "#1"}
			}
		},
		{
			"from": [16.12296, 8.07611, 6.82308],
			"to": [17.44296, 10.05611, 9.46308],
			"rotation": {"angle": -45, "axis": "z", "origin": [16.78296, 9.39611, 8.14308]},
			"faces": {
				"north": {"uv": [10.125, 12.25, 10.25, 12.4375], "texture": "#1"},
				"east": {"uv": [6.5, 10.875, 6.75, 11.0625], "texture": "#1"},
				"south": {"uv": [11.5, 12.25, 11.625, 12.4375], "texture": "#1"},
				"west": {"uv": [6.875, 10.875, 7.125, 11.0625], "texture": "#1"},
				"up": {"uv": [7.5, 12.125, 7.375, 11.875], "texture": "#1"},
				"down": {"uv": [7.75, 11.875, 7.625, 12.125], "texture": "#1"}
			}
		},
		{
			"from": [16.12296, 9.39611, 8.80308],
			"to": [17.44296, 13.35611, 10.78308],
			"shade": false,
			"rotation": {"angle": -45, "axis": "y", "origin": [16.78296, 11.37611, 9.46308]},
			"faces": {
				"north": {"uv": [7.25, 10.875, 7.375, 11.25], "texture": "#1"},
				"east": {"uv": [0.75, 10.25, 0.9375, 10.625], "texture": "#1"},
				"south": {"uv": [7.5, 10.875, 7.625, 11.25], "texture": "#1"},
				"west": {"uv": [1.125, 10.25, 1.3125, 10.625], "texture": "#1"},
				"up": {"uv": [11.875, 12.4375, 11.75, 12.25], "texture": "#1"},
				"down": {"uv": [0.125, 12.375, 0, 12.5625], "texture": "#1"}
			}
		},
		{
			"from": [15.07635, 8.14611, 4.18308],
			"to": [16.39635, 19.95611, 12.10308],
			"rotation": {"angle": 0, "axis": "y", "origin": [25.63635, 18.63611, 21.34308]},
			"faces": {
				"north": {"uv": [2.25, 8.75, 2.375, 9.875], "texture": "#1"},
				"east": {"uv": [3, 2, 3.75, 3.125], "texture": "#1"},
				"south": {"uv": [2.875, 8.75, 3, 9.875], "texture": "#1"},
				"west": {"uv": [3, 3.25, 3.75, 4.375], "texture": "#1"},
				"up": {"uv": [4.25, 1.875, 4.125, 1.125], "texture": "#1"},
				"down": {"uv": [1.625, 7.625, 1.5, 8.375], "texture": "#1"}
			}
		},
		{
			"from": [1.87635, 8.07611, 4.19628],
			"to": [15.07635, 21.27611, 4.20948],
			"rotation": {"angle": 0, "axis": "y", "origin": [8.47635, 14.67611, 4.20288]},
			"faces": {
				"north": {"uv": [0, 0, 1.25, 1.25], "texture": "#1"},
				"east": {"uv": [8.25, 11.375, 8.28125, 12.625], "texture": "#1"},
				"south": {"uv": [0, 1.375, 1.25, 2.625], "texture": "#1"},
				"west": {"uv": [9.625, 11.375, 9.65625, 12.625], "texture": "#1"},
				"up": {"uv": [12.625, 7.78125, 11.375, 7.75], "texture": "#1"},
				"down": {"uv": [12.625, 9.5, 11.375, 9.53125], "texture": "#1"}
			}
		},
		{
			"from": [3.19635, 21.27611, 4.18308],
			"to": [13.75635, 22.59611, 12.10308],
			"rotation": {"angle": 0, "axis": "y", "origin": [8.47635, 21.93611, 8.14308]},
			"faces": {
				"north": {"uv": [9, 1.75, 10, 1.875], "texture": "#1"},
				"east": {"uv": [9.25, 9, 10, 9.125], "texture": "#1"},
				"south": {"uv": [9, 2.875, 10, 3], "texture": "#1"},
				"west": {"uv": [9.25, 9.25, 10, 9.375], "texture": "#1"},
				"up": {"uv": [5.875, 3.75, 4.875, 3], "texture": "#1"},
				"down": {"uv": [5.875, 3.875, 4.875, 4.625], "texture": "#1"}
			}
		},
		{
			"from": [0.55635, 8.14611, 4.18308],
			"to": [1.87635, 19.95611, 12.10308],
			"rotation": {"angle": 0, "axis": "y", "origin": [11.11635, 18.63611, 21.34308]},
			"faces": {
				"north": {"uv": [3.125, 8.75, 3.25, 9.875], "texture": "#1"},
				"east": {"uv": [1.625, 3.625, 2.375, 4.75], "texture": "#1"},
				"south": {"uv": [3.375, 8.75, 3.5, 9.875], "texture": "#1"},
				"west": {"uv": [0, 3.875, 0.75, 5], "texture": "#1"},
				"up": {"uv": [1.375, 10.125, 1.25, 9.375], "texture": "#1"},
				"down": {"uv": [1.625, 9.375, 1.5, 10.125], "texture": "#1"}
			}
		},
		{
			"from": [1.51352, 17.73589, 4.18308],
			"to": [5.20952, 19.05589, 12.10308],
			"rotation": {"angle": 45, "axis": "z", "origin": [-0.07048, 18.39589, 8.14308]},
			"faces": {
				"north": {"uv": [11, 5, 11.34375, 5.125], "texture": "#1"},
				"east": {"uv": [9.375, 3.125, 10.125, 3.25], "texture": "#1"},
				"south": {"uv": [11, 6.5, 11.34375, 6.625], "texture": "#1"},
				"west": {"uv": [9.375, 3.375, 10.125, 3.5], "texture": "#1"},
				"up": {"uv": [5.34375, 7.375, 5, 6.625], "texture": "#1"},
				"down": {"uv": [5.84375, 6.625, 5.5, 7.375], "texture": "#1"}
			}
		},
		{
			"from": [1.87635, 8.07611, 12.08988],
			"to": [15.07635, 21.27611, 12.08988],
			"rotation": {"angle": 0, "axis": "y", "origin": [8.47635, 20.61611, 16.06308]},
			"faces": {
				"north": {"uv": [1.375, 0, 2.625, 1.25], "texture": "#1"},
				"east": {"uv": [10.375, 11.375, 10.40625, 12.625], "texture": "#1"},
				"south": {"uv": [1.375, 2.5, 2.625, 2.625], "texture": "#1"},
				"west": {"uv": [11.25, 11.375, 11.28125, 12.625], "texture": "#1"},
				"up": {"uv": [12.75, 0.03125, 11.5, 0], "texture": "#1"},
				"down": {"uv": [12.75, 4.5, 11.5, 4.53125], "texture": "#1"}
			}
		},
		{
			"from": [-0.98236, 7.52935, 4.95632],
			"to": [1.65764, 12.80935, 11.35832],
			"rotation": {"angle": 0, "axis": "y", "origin": [0.33635, 11.48935, 5.61632]},
			"faces": {
				"north": {"uv": [7.625, 4.5, 7.875, 5], "texture": "#1"},
				"east": {"uv": [0, 6.125, 0.59375, 6.625], "texture": "#1"},
				"south": {"uv": [9, 3.125, 9.25, 3.625], "texture": "#1"},
				"west": {"uv": [2.75, 6.375, 3.34375, 6.875], "texture": "#1"},
				"up": {"uv": [6.5, 9.21875, 6.25, 8.625], "texture": "#1"},
				"down": {"uv": [6.875, 8.625, 6.625, 9.21875], "texture": "#1"}
			}
		},
		{
			"from": [-2.11034, 10.16935, 8.60976],
			"to": [-0.79034, 12.80935, 11.24976],
			"rotation": {"angle": 45, "axis": "y", "origin": [-1.45034, 11.48935, 9.92976]},
			"faces": {
				"north": {"uv": [11.875, 8, 12, 8.25], "texture": "#1"},
				"east": {"uv": [6.875, 6, 7.125, 6.25], "texture": "#1"},
				"south": {"uv": [9.875, 11.875, 10, 12.125], "texture": "#1"},
				"west": {"uv": [10.25, 1.25, 10.5, 1.5], "texture": "#1"},
				"up": {"uv": [10.25, 12.125, 10.125, 11.875], "texture": "#1"},
				"down": {"uv": [11.625, 11.875, 11.5, 12.125], "texture": "#1"}
			}
		},
		{
			"from": [-2.85041, 10.16935, 6.82308],
			"to": [-1.53041, 12.80935, 9.46308],
			"rotation": {"angle": 0, "axis": "y", "origin": [-2.19041, 11.48935, 8.14308]},
			"faces": {
				"north": {"uv": [0, 12, 0.125, 12.25], "texture": "#1"},
				"east": {"uv": [10.25, 2, 10.5, 2.25], "texture": "#1"},
				"south": {"uv": [1, 12, 1.125, 12.25], "texture": "#1"},
				"west": {"uv": [2.5, 10.25, 2.75, 10.5], "texture": "#1"},
				"up": {"uv": [1.625, 12.25, 1.5, 12], "texture": "#1"},
				"down": {"uv": [2.125, 12, 2, 12.25], "texture": "#1"}
			}
		},
		{
			"from": [-2.77034, 9.04265, 6.82308],
			"to": [0.85966, 10.36265, 9.46308],
			"rotation": {"angle": -45, "axis": "z", "origin": [-1.45034, 9.70265, 8.14308]},
			"faces": {
				"north": {"uv": [6.75, 2.75, 7.25, 2.875], "texture": "#1"},
				"east": {"uv": [3.125, 7, 3.375, 7.125], "texture": "#1"},
				"south": {"uv": [10.25, 0.75, 10.75, 0.875], "texture": "#1"},
				"west": {"uv": [11.875, 7, 12.125, 7.125], "texture": "#1"},
				"up": {"uv": [3.25, 5.75, 2.75, 5.5], "texture": "#1"},
				"down": {"uv": [4.125, 9, 3.625, 9.25], "texture": "#1"}
			}
		},
		{
			"from": [-2.11034, 10.16935, 5.03639],
			"to": [-0.79034, 12.80935, 7.67639],
			"rotation": {"angle": -45, "axis": "y", "origin": [-1.45034, 11.48935, 6.35639]},
			"faces": {
				"north": {"uv": [2.25, 12, 2.375, 12.25], "texture": "#1"},
				"east": {"uv": [2.875, 10.25, 3.125, 10.5], "texture": "#1"},
				"south": {"uv": [12, 2.875, 12.125, 3.125], "texture": "#1"},
				"west": {"uv": [10.25, 3, 10.5, 3.25], "texture": "#1"},
				"up": {"uv": [3.375, 12.25, 3.25, 12], "texture": "#1"},
				"down": {"uv": [3.875, 12, 3.75, 12.25], "texture": "#1"}
			}
		},
		{
			"from": [-0.98365, 12.61603, 5.03639],
			"to": [1.65635, 13.93603, 7.67639],
			"shade": false,
			"rotation": {"angle": -45, "axis": "x", "origin": [0.33635, 13.27603, 6.35639]},
			"faces": {
				"north": {"uv": [4, 12, 4.25, 12.125], "texture": "#1"},
				"east": {"uv": [4.375, 12, 4.625, 12.125], "texture": "#1"},
				"south": {"uv": [4.75, 12, 5, 12.125], "texture": "#1"},
				"west": {"uv": [12, 4.75, 12.25, 4.875], "texture": "#1"},
				"up": {"uv": [3.5, 10.5, 3.25, 10.25], "texture": "#1"},
				"down": {"uv": [10.5, 3.375, 10.25, 3.625], "texture": "#1"}
			}
		},
		{
			"from": [-2.77034, 12.61603, 6.82308],
			"to": [-0.13034, 13.93603, 9.46308],
			"rotation": {"angle": 45, "axis": "z", "origin": [-1.45034, 13.27603, 8.14308]},
			"faces": {
				"north": {"uv": [12, 5, 12.25, 5.125], "texture": "#1"},
				"east": {"uv": [5.125, 12, 5.375, 12.125], "texture": "#1"},
				"south": {"uv": [6.25, 12, 6.5, 12.125], "texture": "#1"},
				"west": {"uv": [8.5, 12, 8.75, 12.125], "texture": "#1"},
				"up": {"uv": [3.875, 10.5, 3.625, 10.25], "texture": "#1"},
				"down": {"uv": [4.25, 10.25, 4, 10.5], "texture": "#1"}
			}
		},
		{
			"from": [-0.98365, 13.35611, 6.82308],
			"to": [1.65635, 14.67611, 9.46308],
			"rotation": {"angle": 0, "axis": "y", "origin": [9.57635, 19.95611, 21.34308]},
			"faces": {
				"north": {"uv": [8.875, 12, 9.125, 12.125], "texture": "#1"},
				"east": {"uv": [9.25, 12, 9.5, 12.125], "texture": "#1"},
				"south": {"uv": [12, 11.625, 12.25, 11.75], "texture": "#1"},
				"west": {"uv": [11.75, 12, 12, 12.125], "texture": "#1"},
				"up": {"uv": [4.625, 10.5, 4.375, 10.25], "texture": "#1"},
				"down": {"uv": [5, 10.25, 4.75, 10.5], "texture": "#1"}
			}
		},
		{
			"from": [-0.98365, 12.61603, 8.60976],
			"to": [1.65635, 13.93603, 11.24976],
			"rotation": {"angle": 45, "axis": "x", "origin": [0.33635, 13.27603, 9.92976]},
			"faces": {
				"north": {"uv": [0.25, 12.125, 0.5, 12.25], "texture": "#1"},
				"east": {"uv": [12.125, 0.25, 12.375, 0.375], "texture": "#1"},
				"south": {"uv": [12.125, 0.5, 12.375, 0.625], "texture": "#1"},
				"west": {"uv": [12.125, 1.75, 12.375, 1.875], "texture": "#1"},
				"up": {"uv": [5.375, 10.5, 5.125, 10.25], "texture": "#1"},
				"down": {"uv": [6.5, 10.25, 6.25, 10.5], "texture": "#1"}
			}
		},
		{
			"from": [11.74317, 10.86039, 13.34047],
			"to": [15.04317, 18.78039, 14.66047],
			"rotation": {"angle": 45, "axis": "y", "origin": [17.02317, 14.82039, 14.00047]},
			"faces": {
				"north": {"uv": [5.875, 7.5, 6.1875, 8.25], "texture": "#1"},
				"east": {"uv": [2.5, 9.375, 2.625, 10.125], "texture": "#1"},
				"south": {"uv": [7.25, 7.5, 7.5625, 8.25], "texture": "#1"},
				"west": {"uv": [3.625, 9.375, 3.75, 10.125], "texture": "#1"},
				"up": {"uv": [3.0625, 11.625, 2.75, 11.5], "texture": "#1"},
				"down": {"uv": [11.8125, 4.75, 11.5, 4.875], "texture": "#1"}
			}
		},
		{
			"from": [3.19635, 10.86039, 16.61669],
			"to": [13.75635, 18.78039, 18.20069],
			"rotation": {"angle": 0, "axis": "y", "origin": [8.47635, 19.44039, 14.24069]},
			"faces": {
				"north": {"uv": [4.875, 4.75, 5.875, 5.5], "texture": "#1"},
				"east": {"uv": [9, 5, 9.15625, 5.75], "texture": "#1"},
				"south": {"uv": [3.5, 5, 4.5, 5.75], "texture": "#1"},
				"west": {"uv": [9, 5.875, 9.15625, 6.625], "texture": "#1"},
				"up": {"uv": [9.625, 0.65625, 8.625, 0.5], "texture": "#1"},
				"down": {"uv": [9.625, 0.875, 8.625, 1.03125], "texture": "#1"}
			}
		},
		{
			"from": [16.0898, 13.17039, 14.33047],
			"to": [17.2118, 16.47039, 15.51847],
			"rotation": {"angle": 0, "axis": "y", "origin": [16.4198, 14.82039, 14.66047]},
			"faces": {
				"north": {"uv": [0.625, 12.25, 0.71875, 12.5625], "texture": "#1"},
				"east": {"uv": [1, 11.5, 1.125, 11.8125], "texture": "#1"},
				"south": {"uv": [1.75, 12.25, 1.84375, 12.5625], "texture": "#1"},
				"west": {"uv": [3.25, 11.5, 3.375, 11.8125], "texture": "#1"},
				"up": {"uv": [5.96875, 12.875, 5.875, 12.75], "texture": "#1"},
				"down": {"uv": [6.21875, 12.75, 6.125, 12.875], "texture": "#1"}
			}
		},
		{
			"from": [16.4198, 16.47039, 14.66047],
			"to": [16.8818, 17.46039, 15.18847],
			"rotation": {"angle": 0, "axis": "y", "origin": [16.4198, 18.12039, 14.66047]},
			"faces": {
				"north": {"uv": [3, 13.125, 3.03125, 13.21875], "texture": "#1"},
				"east": {"uv": [6.375, 12.875, 6.4375, 12.96875], "texture": "#1"},
				"south": {"uv": [3.25, 13.125, 3.28125, 13.21875], "texture": "#1"},
				"west": {"uv": [12.875, 6.75, 12.9375, 6.84375], "texture": "#1"},
				"up": {"uv": [13.15625, 10.0625, 13.125, 10], "texture": "#1"},
				"down": {"uv": [10.65625, 13.125, 10.625, 13.1875], "texture": "#1"}
			}
		},
		{
			"from": [16.4198, 14.58939, 15.41947],
			"to": [16.8818, 15.11739, 16.40947],
			"rotation": {"angle": 0, "axis": "y", "origin": [16.6508, 14.85339, 15.91447]},
			"faces": {
				"north": {"uv": [13.125, 11.25, 13.15625, 11.3125], "texture": "#1"},
				"east": {"uv": [9, 12.875, 9.09375, 12.9375], "texture": "#1"},
				"south": {"uv": [11.375, 13.125, 11.40625, 13.1875], "texture": "#1"},
				"west": {"uv": [12.875, 9.75, 12.96875, 9.8125], "texture": "#1"},
				"up": {"uv": [3.78125, 13.21875, 3.75, 13.125], "texture": "#1"},
				"down": {"uv": [4.53125, 13.125, 4.5, 13.21875], "texture": "#1"}
			}
		},
		{
			"from": [16.4198, 12.18039, 14.66047],
			"to": [16.8818, 13.17039, 15.18847],
			"rotation": {"angle": 0, "axis": "y", "origin": [16.4198, 13.83039, 14.66047]},
			"faces": {
				"north": {"uv": [4.75, 13.125, 4.78125, 13.21875], "texture": "#1"},
				"east": {"uv": [9.875, 12.875, 9.9375, 12.96875], "texture": "#1"},
				"south": {"uv": [13.125, 4.75, 13.15625, 4.84375], "texture": "#1"},
				"west": {"uv": [12.875, 10, 12.9375, 10.09375], "texture": "#1"},
				"up": {"uv": [13.15625, 11.5625, 13.125, 11.5], "texture": "#1"},
				"down": {"uv": [11.65625, 13.125, 11.625, 13.1875], "texture": "#1"}
			}
		},
		{
			"from": [16.4198, 14.58939, 13.43947],
			"to": [16.8818, 15.11739, 14.42947],
			"rotation": {"angle": 0, "axis": "y", "origin": [16.6508, 14.85339, 13.93447]},
			"faces": {
				"north": {"uv": [13.125, 11.75, 13.15625, 11.8125], "texture": "#1"},
				"east": {"uv": [10.625, 12.875, 10.71875, 12.9375], "texture": "#1"},
				"south": {"uv": [11.875, 13.125, 11.90625, 13.1875], "texture": "#1"},
				"west": {"uv": [12.875, 11.375, 12.96875, 11.4375], "texture": "#1"},
				"up": {"uv": [13.15625, 5.09375, 13.125, 5], "texture": "#1"},
				"down": {"uv": [5.28125, 13.125, 5.25, 13.21875], "texture": "#1"}
			}
		},
		{
			"from": [0.07089, 12.18039, 14.66047],
			"to": [0.53289, 13.17039, 15.18847],
			"rotation": {"angle": 0, "axis": "y", "origin": [0.53289, 13.83039, 14.66047]},
			"faces": {
				"north": {"uv": [13.125, 5.25, 13.15625, 5.34375], "texture": "#1"},
				"east": {"uv": [11.5, 12.875, 11.5625, 12.96875], "texture": "#1"},
				"south": {"uv": [5.5, 13.125, 5.53125, 13.21875], "texture": "#1"},
				"west": {"uv": [12.875, 11.625, 12.9375, 11.71875], "texture": "#1"},
				"up": {"uv": [13.15625, 12.0625, 13.125, 12], "texture": "#1"},
				"down": {"uv": [12.15625, 13.125, 12.125, 13.1875], "texture": "#1"}
			}
		},
		{
			"from": [0.07089, 14.58939, 13.43947],
			"to": [0.53289, 15.11739, 14.42947],
			"shade": false,
			"rotation": {"angle": 0, "axis": "y", "origin": [0.30189, 14.85339, 13.93447]},
			"faces": {
				"north": {"uv": [13.125, 12.25, 13.15625, 12.3125], "texture": "#1"},
				"east": {"uv": [11.75, 12.875, 11.84375, 12.9375], "texture": "#1"},
				"south": {"uv": [12.375, 13.125, 12.40625, 13.1875], "texture": "#1"},
				"west": {"uv": [12.875, 11.875, 12.96875, 11.9375], "texture": "#1"},
				"up": {"uv": [6.28125, 13.21875, 6.25, 13.125], "texture": "#1"},
				"down": {"uv": [13.15625, 6.75, 13.125, 6.84375], "texture": "#1"}
			}
		},
		{
			"from": [-0.25911, 13.17039, 14.33047],
			"to": [0.86289, 16.47039, 15.51847],
			"rotation": {"angle": 0, "axis": "y", "origin": [0.53289, 14.82039, 14.66047]},
			"faces": {
				"north": {"uv": [2.5, 12.25, 2.59375, 12.5625], "texture": "#1"},
				"east": {"uv": [5, 11.5, 5.125, 11.8125], "texture": "#1"},
				"south": {"uv": [12.25, 2.75, 12.34375, 3.0625], "texture": "#1"},
				"west": {"uv": [5.25, 11.5, 5.375, 11.8125], "texture": "#1"},
				"up": {"uv": [12.84375, 7.25, 12.75, 7.125], "texture": "#1"},
				"down": {"uv": [12.84375, 7.375, 12.75, 7.5], "texture": "#1"}
			}
		},
		{
			"from": [0.07089, 14.58939, 15.41947],
			"to": [0.53289, 15.11739, 16.40947],
			"shade": false,
			"rotation": {"angle": 0, "axis": "y", "origin": [0.30189, 14.85339, 15.91447]},
			"faces": {
				"north": {"uv": [12.625, 13.125, 12.65625, 13.1875], "texture": "#1"},
				"east": {"uv": [12, 12.875, 12.09375, 12.9375], "texture": "#1"},
				"south": {"uv": [12.875, 13.125, 12.90625, 13.1875], "texture": "#1"},
				"west": {"uv": [12.875, 12.125, 12.96875, 12.1875], "texture": "#1"},
				"up": {"uv": [8.90625, 13.21875, 8.875, 13.125], "texture": "#1"},
				"down": {"uv": [9.53125, 13.125, 9.5, 13.21875], "texture": "#1"}
			}
		},
		{
			"from": [0.07089, 16.47039, 14.66047],
			"to": [0.53289, 17.46039, 15.18847],
			"rotation": {"angle": 0, "axis": "y", "origin": [0.53289, 18.12039, 14.66047]},
			"faces": {
				"north": {"uv": [9.75, 13.125, 9.78125, 13.21875], "texture": "#1"},
				"east": {"uv": [12.25, 12.875, 12.3125, 12.96875], "texture": "#1"},
				"south": {"uv": [13.125, 9.75, 13.15625, 9.84375], "texture": "#1"},
				"west": {"uv": [12.875, 12.375, 12.9375, 12.46875], "texture": "#1"},
				"up": {"uv": [13.15625, 13.1875, 13.125, 13.125], "texture": "#1"},
				"down": {"uv": [0.03125, 13.25, 0, 13.3125], "texture": "#1"}
			}
		},
		{
			"from": [1.90952, 10.86039, 13.34047],
			"to": [5.20952, 18.78039, 14.66047],
			"rotation": {"angle": -45, "axis": "y", "origin": [-0.07048, 14.82039, 14.00047]},
			"faces": {
				"north": {"uv": [7.625, 0, 7.9375, 0.75], "texture": "#1"},
				"east": {"uv": [9.375, 3.625, 9.5, 4.375], "texture": "#1"},
				"south": {"uv": [1, 7.625, 1.3125, 8.375], "texture": "#1"},
				"west": {"uv": [3.875, 9.375, 4, 10.125], "texture": "#1"},
				"up": {"uv": [11.8125, 5.125, 11.5, 5], "texture": "#1"},
				"down": {"uv": [5.8125, 11.5, 5.5, 11.625], "texture": "#1"}
			}
		},
		{
			"from": [1.21635, 10.86039, 12.21377],
			"to": [5.17635, 18.78039, 13.53377],
			"rotation": {"angle": 45, "axis": "y", "origin": [3.19635, 14.82039, 13.53377]},
			"faces": {
				"north": {"uv": [2.5, 3.625, 2.875, 4.375], "texture": "#1"},
				"east": {"uv": [9.375, 4.5, 9.5, 5.25], "texture": "#1"},
				"south": {"uv": [3.5, 6.375, 3.875, 7.125], "texture": "#1"},
				"west": {"uv": [9.375, 5.375, 9.5, 6.125], "texture": "#1"},
				"up": {"uv": [11.25, 3.875, 10.875, 3.75], "texture": "#1"},
				"down": {"uv": [11.25, 7, 10.875, 7.125], "texture": "#1"}
			}
		},
		{
			"from": [0.86289, 10.86039, 14.00047],
			"to": [1.85289, 18.78039, 15.84847],
			"rotation": {"angle": 0, "axis": "y", "origin": [1.52289, 14.82039, 14.66047]},
			"faces": {
				"north": {"uv": [6, 9.75, 6.09375, 10.5], "texture": "#1"},
				"east": {"uv": [8.75, 2, 8.9375, 2.75], "texture": "#1"},
				"south": {"uv": [2.25, 10, 2.34375, 10.75], "texture": "#1"},
				"west": {"uv": [8.5, 8.75, 8.6875, 9.5], "texture": "#1"},
				"up": {"uv": [1.21875, 12.8125, 1.125, 12.625], "texture": "#1"},
				"down": {"uv": [5.21875, 12.625, 5.125, 12.8125], "texture": "#1"}
			}
		},
		{
			"from": [2.86635, 18.99611, 12.10308],
			"to": [7.48635, 19.98611, 14.08308],
			"rotation": {"angle": 22.5, "axis": "z", "origin": [6.16635, 19.49111, 12.76308]},
			"faces": {
				"north": {"uv": [11.125, 9.75, 11.5625, 9.84375], "texture": "#1"},
				"east": {"uv": [12.625, 5.5, 12.8125, 5.59375], "texture": "#1"},
				"south": {"uv": [11.125, 10, 11.5625, 10.09375], "texture": "#1"},
				"west": {"uv": [12.625, 6.25, 12.8125, 6.34375], "texture": "#1"},
				"up": {"uv": [9.8125, 7.8125, 9.375, 7.625], "texture": "#1"},
				"down": {"uv": [9.6875, 9.5, 9.25, 9.6875], "texture": "#1"}
			}
		},
		{
			"from": [1.7678, 18.78039, 13.34047],
			"to": [15.1658, 18.79359, 16.70647],
			"rotation": {"angle": 0, "axis": "y", "origin": [14.1098, 14.82039, 14.66047]},
			"faces": {
				"north": {"uv": [11.25, 9, 12.53125, 9.03125], "texture": "#1"},
				"east": {"uv": [7.5, 12.75, 7.8125, 12.78125], "texture": "#1"},
				"south": {"uv": [11.25, 9.25, 12.53125, 9.28125], "texture": "#1"},
				"west": {"uv": [12.75, 7.625, 13.0625, 7.65625], "texture": "#1"},
				"up": {"uv": [4.03125, 6.1875, 2.75, 5.875], "texture": "#1"},
				"down": {"uv": [7.28125, 3, 6, 3.3125], "texture": "#1"}
			}
		},
		{
			"from": [5.50635, 18.00611, 14.08308],
			"to": [7.48635, 18.99611, 16.06308],
			"rotation": {"angle": 22.5, "axis": "z", "origin": [6.16635, 18.50111, 14.74308]},
			"faces": {
				"north": {"uv": [12.625, 6.5, 12.8125, 6.59375], "texture": "#1"},
				"east": {"uv": [12.625, 8, 12.8125, 8.09375], "texture": "#1"},
				"south": {"uv": [12.625, 8.25, 12.8125, 8.34375], "texture": "#1"},
				"west": {"uv": [9, 12.625, 9.1875, 12.71875], "texture": "#1"},
				"up": {"uv": [11.8125, 3.1875, 11.625, 3], "texture": "#1"},
				"down": {"uv": [4.0625, 11.625, 3.875, 11.8125], "texture": "#1"}
			}
		},
		{
			"from": [7.15635, 18.77349, 11.59931],
			"to": [9.79635, 20.09349, 18.19931],
			"rotation": {"angle": 22.5, "axis": "x", "origin": [8.47635, 19.43349, 14.89931]},
			"faces": {
				"north": {"uv": [12.125, 2, 12.375, 2.125], "texture": "#1"},
				"east": {"uv": [10.25, 0.25, 10.875, 0.375], "texture": "#1"},
				"south": {"uv": [12.125, 2.25, 12.375, 2.375], "texture": "#1"},
				"west": {"uv": [10.25, 0.5, 10.875, 0.625], "texture": "#1"},
				"up": {"uv": [8.875, 1.875, 8.625, 1.25], "texture": "#1"},
				"down": {"uv": [2.75, 8.625, 2.5, 9.25], "texture": "#1"}
			}
		},
		{
			"from": [9.46635, 18.00611, 14.08308],
			"to": [11.44635, 18.99611, 16.06308],
			"rotation": {"angle": -22.5, "axis": "z", "origin": [10.78635, 18.50111, 14.74308]},
			"faces": {
				"north": {"uv": [9.875, 12.625, 10.0625, 12.71875], "texture": "#1"},
				"east": {"uv": [12.625, 10.25, 12.8125, 10.34375], "texture": "#1"},
				"south": {"uv": [12.625, 10.5, 12.8125, 10.59375], "texture": "#1"},
				"west": {"uv": [11.5, 12.625, 11.6875, 12.71875], "texture": "#1"},
				"up": {"uv": [4.4375, 11.8125, 4.25, 11.625], "texture": "#1"},
				"down": {"uv": [4.8125, 11.625, 4.625, 11.8125], "texture": "#1"}
			}
		},
		{
			"from": [9.46635, 18.99611, 12.10308],
			"to": [14.08635, 19.98611, 14.08308],
			"rotation": {"angle": -22.5, "axis": "z", "origin": [10.78635, 19.49111, 12.76308]},
			"faces": {
				"north": {"uv": [11.25, 0.25, 11.6875, 0.34375], "texture": "#1"},
				"east": {"uv": [12.25, 12.625, 12.4375, 12.71875], "texture": "#1"},
				"south": {"uv": [11.25, 0.5, 11.6875, 0.59375], "texture": "#1"},
				"west": {"uv": [12.625, 12.625, 12.8125, 12.71875], "texture": "#1"},
				"up": {"uv": [10.0625, 2.1875, 9.625, 2], "texture": "#1"},
				"down": {"uv": [10.0625, 3.625, 9.625, 3.8125], "texture": "#1"}
			}
		},
		{
			"from": [7.15635, 20.97611, 11.11308],
			"to": [9.79635, 22.62611, 12.43308],
			"rotation": {"angle": 0, "axis": "y", "origin": [8.47635, 20.31611, 14.74308]},
			"faces": {
				"north": {"uv": [6, 11.5, 6.25, 11.65625], "texture": "#1"},
				"east": {"uv": [6.375, 12.5, 6.5, 12.65625], "texture": "#1"},
				"south": {"uv": [11.5, 6.25, 11.75, 6.40625], "texture": "#1"},
				"west": {"uv": [12, 12.5, 12.125, 12.65625], "texture": "#1"},
				"up": {"uv": [12.375, 2.625, 12.125, 2.5], "texture": "#1"},
				"down": {"uv": [3, 12.125, 2.75, 12.25], "texture": "#1"}
			}
		},
		{
			"from": [11.77635, 10.86039, 12.21377],
			"to": [15.73635, 18.78039, 13.53377],
			"rotation": {"angle": -45, "axis": "y", "origin": [13.75635, 14.82039, 13.53377]},
			"faces": {
				"north": {"uv": [4, 6.375, 4.375, 7.125], "texture": "#1"},
				"east": {"uv": [6.25, 9.375, 6.375, 10.125], "texture": "#1"},
				"south": {"uv": [6.375, 5.5, 6.75, 6.25], "texture": "#1"},
				"west": {"uv": [9.375, 6.25, 9.5, 7], "texture": "#1"},
				"up": {"uv": [8.125, 11, 7.75, 10.875], "texture": "#1"},
				"down": {"uv": [11.25, 7.75, 10.875, 7.875], "texture": "#1"}
			}
		},
		{
			"from": [15.0998, 10.86039, 14.00047],
			"to": [16.0898, 18.78039, 15.84847],
			"rotation": {"angle": 0, "axis": "y", "origin": [15.4298, 14.82039, 14.66047]},
			"faces": {
				"north": {"uv": [0, 10.25, 0.09375, 11], "texture": "#1"},
				"east": {"uv": [8, 8.875, 8.1875, 9.625], "texture": "#1"},
				"south": {"uv": [1.5, 10.25, 1.59375, 11], "texture": "#1"},
				"west": {"uv": [8.875, 8.75, 9.0625, 9.5], "texture": "#1"},
				"up": {"uv": [6.71875, 12.8125, 6.625, 12.625], "texture": "#1"},
				"down": {"uv": [9.46875, 12.625, 9.375, 12.8125], "texture": "#1"}
			}
		},
		{
			"from": [3.0878, 10.86039, 12.02047],
			"to": [13.8458, 10.86039, 13.40647],
			"rotation": {"angle": 0, "axis": "y", "origin": [14.1098, 6.90039, 13.34047]},
			"faces": {
				"north": {"uv": [10.875, 10.25, 11.90625, 10.25], "texture": "#1"},
				"east": {"uv": [2.75, 2.625, 2.875, 2.625], "texture": "#1"},
				"south": {"uv": [13, 7.5, 14.03125, 7.5], "texture": "#1"},
				"west": {"uv": [6, 5.5, 6.125, 5.5], "texture": "#1"},
				"up": {"uv": [10.03125, 1.375, 9, 1.25], "texture": "#1"},
				"down": {"uv": [10.03125, 1.5, 9, 1.625], "texture": "#1"}
			}
		},
		{
			"from": [1.87764, 10.86039, 13.28311],
			"to": [15.07764, 10.87359, 16.64911],
			"rotation": {"angle": 0, "axis": "y", "origin": [14.1098, 6.90039, 14.66047]},
			"faces": {
				"north": {"uv": [11.25, 10.875, 12.53125, 10.90625], "texture": "#1"},
				"east": {"uv": [8, 12.75, 8.3125, 12.78125], "texture": "#1"},
				"south": {"uv": [11.25, 11.125, 12.53125, 11.15625], "texture": "#1"},
				"west": {"uv": [8.5, 12.75, 8.8125, 12.78125], "texture": "#1"},
				"up": {"uv": [7.28125, 3.8125, 6, 3.5], "texture": "#1"},
				"down": {"uv": [7.28125, 4, 6.03125, 4.3125], "texture": "#1"}
			}
		},
		{
			"from": [11.85642, 15.64265, -1.09829],
			"to": [13.17642, 20.26265, 4.28039],
			"rotation": {"angle": 45, "axis": "z", "origin": [12.51642, 17.62265, 2.20308]},
			"faces": {
				"north": {"uv": [10.625, 1, 10.75, 1.4375], "texture": "#1"},
				"east": {"uv": [8.375, 3, 8.875, 3.4375], "texture": "#1"},
				"south": {"uv": [10.625, 2, 10.75, 2.4375], "texture": "#1"},
				"west": {"uv": [8.375, 3.625, 8.875, 4.0625], "texture": "#1"},
				"up": {"uv": [2.875, 2.5, 2.75, 2], "texture": "#1"},
				"down": {"uv": [4.75, 5, 4.625, 5.5], "texture": "#1"}
			}
		},
		{
			"from": [13.09635, 11.37611, -1.09692],
			"to": [14.41635, 16.65611, 4.28308],
			"rotation": {"angle": 0, "axis": "y", "origin": [13.75635, 14.01611, 2.20308]},
			"faces": {
				"north": {"uv": [7.625, 0.875, 7.75, 1.375], "texture": "#1"},
				"east": {"uv": [1.875, 4.875, 2.375, 5.375], "texture": "#1"},
				"south": {"uv": [7, 7.625, 7.125, 8.125], "texture": "#1"},
				"west": {"uv": [6.625, 6.375, 7.125, 6.875], "texture": "#1"},
				"up": {"uv": [2.125, 10.75, 2, 10.25], "texture": "#1"},
				"down": {"uv": [5.625, 10.25, 5.5, 10.75], "texture": "#1"}
			}
		},
		{
			"from": [5.83635, 18.63611, -1.09692],
			"to": [11.11635, 19.95611, 4.28308],
			"rotation": {"angle": 0, "axis": "y", "origin": [8.47635, 20.61611, 0.22308]},
			"faces": {
				"north": {"uv": [10.25, 3.75, 10.75, 3.875], "texture": "#1"},
				"east": {"uv": [10.25, 7, 10.75, 7.125], "texture": "#1"},
				"south": {"uv": [9.125, 10.25, 9.625, 10.375], "texture": "#1"},
				"west": {"uv": [10.375, 4, 10.875, 4.125], "texture": "#1"},
				"up": {"uv": [0.5, 7.25, 0, 6.75], "texture": "#1"},
				"down": {"uv": [7.25, 1.5, 6.75, 2], "texture": "#1"}
			}
		},
		{
			"from": [7.15635, 19.95611, -1.09692],
			"to": [9.79635, 21.27611, 4.18308],
			"rotation": {"angle": 0, "axis": "y", "origin": [8.47635, 21.93611, 0.22308]},
			"faces": {
				"north": {"uv": [12.125, 3.25, 12.375, 3.375], "texture": "#1"},
				"east": {"uv": [10.375, 4.25, 10.875, 4.375], "texture": "#1"},
				"south": {"uv": [12.125, 3.5, 12.375, 3.625], "texture": "#1"},
				"west": {"uv": [10.375, 4.5, 10.875, 4.625], "texture": "#1"},
				"up": {"uv": [9.25, 4.25, 9, 3.75], "texture": "#1"},
				"down": {"uv": [9.25, 4.375, 9, 4.875], "texture": "#1"}
			}
		},
		{
			"from": [7.15764, 19.15472, -1.75692],
			"to": [9.795, 21.00272, -0.43692],
			"rotation": {"angle": 45, "axis": "x", "origin": [8.47635, 20.34272, -1.09692]},
			"faces": {
				"north": {"uv": [10.875, 8.625, 11.125, 8.8125], "texture": "#1"},
				"east": {"uv": [0.25, 12.375, 0.375, 12.5625], "texture": "#1"},
				"south": {"uv": [10.875, 9, 11.125, 9.1875], "texture": "#1"},
				"west": {"uv": [0.875, 12.375, 1, 12.5625], "texture": "#1"},
				"up": {"uv": [12.375, 3.875, 12.125, 3.75], "texture": "#1"},
				"down": {"uv": [12.375, 4, 12.125, 4.125], "texture": "#1"}
			}
		},
		{
			"from": [7.15635, 15.99611, -2.41692],
			"to": [9.79635, 19.95611, -1.09692],
			"rotation": {"angle": 0, "axis": "y", "origin": [8.47635, 17.97611, -1.75692]},
			"faces": {
				"north": {"uv": [6.5, 9.375, 6.75, 9.75], "texture": "#1"},
				"east": {"uv": [9.625, 10.875, 9.75, 11.25], "texture": "#1"},
				"south": {"uv": [9.375, 7.125, 9.625, 7.5], "texture": "#1"},
				"west": {"uv": [10.875, 9.75, 11, 10.125], "texture": "#1"},
				"up": {"uv": [12.375, 4.375, 12.125, 4.25], "texture": "#1"},
				"down": {"uv": [5.75, 12.125, 5.5, 12.25], "texture": "#1"}
			}
		},
		{
			"from": [11.26153, 10.08211, -2.08692],
			"to": [12.58153, 19.85011, -0.76692],
			"rotation": {"angle": 22.5, "axis": "z", "origin": [11.92153, 12.59011, -1.42692]},
			"faces": {
				"north": {"uv": [7, 9, 7.125, 9.9375], "texture": "#1"},
				"east": {"uv": [7.25, 9, 7.375, 9.9375], "texture": "#1"},
				"south": {"uv": [0, 9.125, 0.125, 10.0625], "texture": "#1"},
				"west": {"uv": [0.75, 9.125, 0.875, 10.0625], "texture": "#1"},
				"up": {"uv": [10.75, 12.75, 10.625, 12.625], "texture": "#1"},
				"down": {"uv": [0.125, 12.75, 0, 12.875], "texture": "#1"}
			}
		},
		{
			"from": [4.37116, 10.08211, -2.08692],
			"to": [5.69116, 19.85011, -0.76692],
			"shade": false,
			"rotation": {"angle": -22.5, "axis": "z", "origin": [5.03116, 12.59011, -1.42692]},
			"faces": {
				"north": {"uv": [1, 9.125, 1.125, 10.0625], "texture": "#1"},
				"east": {"uv": [0.25, 9.25, 0.375, 10.1875], "texture": "#1"},
				"south": {"uv": [0.5, 9.25, 0.625, 10.1875], "texture": "#1"},
				"west": {"uv": [1.75, 9.25, 1.875, 10.1875], "texture": "#1"},
				"up": {"uv": [0.375, 12.875, 0.25, 12.75], "texture": "#1"},
				"down": {"uv": [0.625, 12.75, 0.5, 12.875], "texture": "#1"}
			}
		},
		{
			"from": [3.85635, 11.70611, -1.0969],
			"to": [4.51635, 16.98611, -0.1069],
			"rotation": {"angle": 0, "axis": "y", "origin": [2.53635, 11.37611, 1.54308]},
			"faces": {
				"north": {"uv": [6.625, 12, 6.6875, 12.5], "texture": "#1"},
				"east": {"uv": [10.75, 10.875, 10.84375, 11.375], "texture": "#1"},
				"south": {"uv": [10.625, 12, 10.6875, 12.5], "texture": "#1"},
				"west": {"uv": [0.25, 11, 0.34375, 11.5], "texture": "#1"},
				"up": {"uv": [12.5625, 12.96875, 12.5, 12.875], "texture": "#1"},
				"down": {"uv": [12.8125, 12.875, 12.75, 12.96875], "texture": "#1"}
			}
		},
		{
			"from": [2.53635, 11.37611, -1.09692],
			"to": [3.85635, 16.65611, 4.28308],
			"rotation": {"angle": 0, "axis": "y", "origin": [3.19635, 14.01611, 2.20308]},
			"faces": {
				"north": {"uv": [6.625, 10.25, 6.75, 10.75], "texture": "#1"},
				"east": {"uv": [6.75, 2.125, 7.25, 2.625], "texture": "#1"},
				"south": {"uv": [8, 10.25, 8.125, 10.75], "texture": "#1"},
				"west": {"uv": [0.625, 6.875, 1.125, 7.375], "texture": "#1"},
				"up": {"uv": [9.875, 10.75, 9.75, 10.25], "texture": "#1"},
				"down": {"uv": [0.375, 10.375, 0.25, 10.875], "texture": "#1"}
			}
		},
		{
			"from": [3.77628, 15.64265, -1.09829],
			"to": [5.09628, 20.26265, 4.28039],
			"rotation": {"angle": -45, "axis": "z", "origin": [4.43628, 17.62265, 2.20308]},
			"faces": {
				"north": {"uv": [2.75, 10.625, 2.875, 11.0625], "texture": "#1"},
				"east": {"uv": [8.375, 4.25, 8.875, 4.6875], "texture": "#1"},
				"south": {"uv": [3, 10.625, 3.125, 11.0625], "texture": "#1"},
				"west": {"uv": [8.375, 4.875, 8.875, 5.3125], "texture": "#1"},
				"up": {"uv": [0.625, 10.875, 0.5, 10.375], "texture": "#1"},
				"down": {"uv": [1.875, 10.375, 1.75, 10.875], "texture": "#1"}
			}
		},
		{
			"from": [4.51635, 9.72611, -1.0969],
			"to": [5.83635, 18.63611, 0.2099],
			"rotation": {"angle": 0, "axis": "y", "origin": [3.19635, 11.37611, 1.54308]},
			"faces": {
				"north": {"uv": [1.375, 3.875, 1.5, 4.71875], "texture": "#1"},
				"east": {"uv": [2, 9.25, 2.125, 10.09375], "texture": "#1"},
				"south": {"uv": [4.25, 9.25, 4.375, 10.09375], "texture": "#1"},
				"west": {"uv": [4.5, 9.25, 4.625, 10.09375], "texture": "#1"},
				"up": {"uv": [0.875, 12.875, 0.75, 12.75], "texture": "#1"},
				"down": {"uv": [12.875, 0.75, 12.75, 0.875], "texture": "#1"}
			}
		},
		{
			"from": [12.43635, 11.70611, -1.0969],
			"to": [13.09635, 16.98611, -0.1069],
			"rotation": {"angle": 0, "axis": "y", "origin": [11.11635, 11.37611, 1.54308]},
			"faces": {
				"north": {"uv": [3.5, 12.125, 3.5625, 12.625], "texture": "#1"},
				"east": {"uv": [0.5, 11, 0.59375, 11.5], "texture": "#1"},
				"south": {"uv": [12.125, 6.25, 12.1875, 6.75], "texture": "#1"},
				"west": {"uv": [0.75, 11, 0.84375, 11.5], "texture": "#1"},
				"up": {"uv": [0.0625, 13.09375, 0, 13], "texture": "#1"},
				"down": {"uv": [0.3125, 13, 0.25, 13.09375], "texture": "#1"}
			}
		},
		{
			"from": [11.11635, 9.72611, -1.0969],
			"to": [12.43635, 18.63611, 0.2099],
			"rotation": {"angle": 0, "axis": "y", "origin": [9.79635, 11.37611, 1.54308]},
			"faces": {
				"north": {"uv": [4.75, 9.25, 4.875, 10.09375], "texture": "#1"},
				"east": {"uv": [5, 9.25, 5.125, 10.09375], "texture": "#1"},
				"south": {"uv": [5.25, 9.25, 5.375, 10.09375], "texture": "#1"},
				"west": {"uv": [5.5, 9.25, 5.625, 10.09375], "texture": "#1"},
				"up": {"uv": [12.875, 1.125, 12.75, 1], "texture": "#1"},
				"down": {"uv": [12.875, 1.25, 12.75, 1.375], "texture": "#1"}
			}
		},
		{
			"from": [5.83635, 14.67611, -1.0969],
			"to": [11.11635, 18.63611, 0.2231],
			"rotation": {"angle": 0, "axis": "y", "origin": [5.83635, 11.37611, 1.54308]},
			"faces": {
				"north": {"uv": [8.5, 8.25, 9, 8.625], "texture": "#1"},
				"east": {"uv": [11, 0.25, 11.125, 0.625], "texture": "#1"},
				"south": {"uv": [8.625, 0, 9.125, 0.375], "texture": "#1"},
				"west": {"uv": [1, 11, 1.125, 11.375], "texture": "#1"},
				"up": {"uv": [10.875, 4.875, 10.375, 4.75], "texture": "#1"},
				"down": {"uv": [10.875, 5, 10.375, 5.125], "texture": "#1"}
			}
		},
		{
			"from": [4.01756, 7.73074, -2.08565],
			"to": [5.33756, 10.89874, -0.76565],
			"shade": false,
			"rotation": {"angle": 22.5, "axis": "z", "origin": [4.67756, 9.31474, -1.42692]},
			"faces": {
				"north": {"uv": [6.375, 11.5, 6.5, 11.8125], "texture": "#1"},
				"east": {"uv": [6.625, 11.5, 6.75, 11.8125], "texture": "#1"},
				"south": {"uv": [9.125, 11.5, 9.25, 11.8125], "texture": "#1"},
				"west": {"uv": [9.375, 11.5, 9.5, 11.8125], "texture": "#1"},
				"up": {"uv": [1.5, 12.875, 1.375, 12.75], "texture": "#1"},
				"down": {"uv": [12.875, 1.5, 12.75, 1.625], "texture": "#1"}
			}
		},
		{
			"from": [3.77628, 7.76956, -1.09829],
			"to": [5.09628, 12.38956, 4.28171],
			"rotation": {"angle": 45, "axis": "z", "origin": [4.43628, 10.40956, 2.20308]},
			"faces": {
				"north": {"uv": [10.625, 3, 10.75, 3.4375], "texture": "#1"},
				"east": {"uv": [8.375, 5.5, 8.875, 5.9375], "texture": "#1"},
				"south": {"uv": [3.25, 10.625, 3.375, 11.0625], "texture": "#1"},
				"west": {"uv": [8.375, 6.125, 8.875, 6.5625], "texture": "#1"},
				"up": {"uv": [10.5, 5.75, 10.375, 5.25], "texture": "#1"},
				"down": {"uv": [10.5, 5.875, 10.375, 6.375], "texture": "#1"}
			}
		},
		{
			"from": [5.83635, 8.07611, -1.09692],
			"to": [11.11635, 9.39611, 4.28308],
			"rotation": {"angle": 0, "axis": "y", "origin": [8.47635, 10.05611, 1.54308]},
			"faces": {
				"north": {"uv": [10.375, 6.5, 10.875, 6.625], "texture": "#1"},
				"east": {"uv": [10.375, 6.75, 10.875, 6.875], "texture": "#1"},
				"south": {"uv": [10.375, 8.125, 10.875, 8.25], "texture": "#1"},
				"west": {"uv": [10.375, 8.375, 10.875, 8.5], "texture": "#1"},
				"up": {"uv": [7.375, 5.875, 6.875, 5.375], "texture": "#1"},
				"down": {"uv": [3, 7, 2.5, 7.5], "texture": "#1"}
			}
		},
		{
			"from": [11.85642, 7.76956, -1.09829],
			"to": [13.17642, 12.38956, 4.28171],
			"rotation": {"angle": -45, "axis": "z", "origin": [12.51642, 10.40956, 2.20308]},
			"faces": {
				"north": {"uv": [3.5, 10.625, 3.625, 11.0625], "texture": "#1"},
				"east": {"uv": [7, 8.375, 7.5, 8.8125], "texture": "#1"},
				"south": {"uv": [3.75, 10.625, 3.875, 11.0625], "texture": "#1"},
				"west": {"uv": [0.75, 8.5, 1.25, 8.9375], "texture": "#1"},
				"up": {"uv": [10.125, 10.875, 10, 10.375], "texture": "#1"},
				"down": {"uv": [10.375, 10.375, 10.25, 10.875], "texture": "#1"}
			}
		},
		{
			"from": [11.61513, 7.73074, -2.08565],
			"to": [12.93513, 10.89874, -0.76565],
			"rotation": {"angle": -22.5, "axis": "z", "origin": [12.27513, 9.31474, -1.42692]},
			"faces": {
				"north": {"uv": [10.625, 11.5, 10.75, 11.8125], "texture": "#1"},
				"east": {"uv": [11.5, 11.375, 11.625, 11.6875], "texture": "#1"},
				"south": {"uv": [0.25, 11.625, 0.375, 11.9375], "texture": "#1"},
				"west": {"uv": [0.5, 11.625, 0.625, 11.9375], "texture": "#1"},
				"up": {"uv": [1.75, 12.875, 1.625, 12.75], "texture": "#1"},
				"down": {"uv": [2.625, 12.75, 2.5, 12.875], "texture": "#1"}
			}
		},
		{
			"from": [5.83635, 9.39611, 0.22308],
			"to": [11.11635, 14.67611, 0.23628],
			"rotation": {"angle": 0, "axis": "y", "origin": [8.47635, 11.37611, 2.86308]},
			"faces": {
				"north": {"uv": [7, 4.5, 7.5, 5], "texture": "#1"},
				"east": {"uv": [2.75, 12.75, 2.78125, 13.25], "texture": "#1"},
				"south": {"uv": [6.625, 7, 7.125, 7.5], "texture": "#1"},
				"west": {"uv": [3.5, 12.75, 3.53125, 13.25], "texture": "#1"},
				"up": {"uv": [4.5, 12.78125, 4, 12.75], "texture": "#1"},
				"down": {"uv": [7.375, 12.75, 6.875, 12.78125], "texture": "#1"}
			}
		},
		{
			"from": [7.94835, 19.74872, -4.39692],
			"to": [9.00435, 20.80472, -1.75692],
			"rotation": {"angle": 45, "axis": "x", "origin": [8.47635, 20.34272, -1.09692]},
			"faces": {
				"north": {"uv": [11.25, 12.75, 11.34375, 12.84375], "texture": "#1"},
				"east": {"uv": [1.125, 12.375, 1.375, 12.46875], "texture": "#1"},
				"south": {"uv": [3.75, 12.875, 3.84375, 12.96875], "texture": "#1"},
				"west": {"uv": [2, 12.375, 2.25, 12.46875], "texture": "#1"},
				"up": {"uv": [1.59375, 12.625, 1.5, 12.375], "texture": "#1"},
				"down": {"uv": [2.84375, 12.375, 2.75, 12.625], "texture": "#1"}
			}
		},
		{
			"from": [8.14635, 20.74948, -3.70708],
			"to": [8.80635, 26.02948, -3.04708],
			"rotation": {"angle": 0, "axis": "y", "origin": [8.47635, 23.38948, -3.44308]},
			"faces": {
				"north": {"uv": [6.875, 12.125, 6.9375, 12.625], "texture": "#1"},
				"east": {"uv": [12.125, 8, 12.1875, 8.5], "texture": "#1"},
				"south": {"uv": [10.875, 12.125, 10.9375, 12.625], "texture": "#1"},
				"west": {"uv": [12.125, 11.875, 12.1875, 12.375], "texture": "#1"},
				"up": {"uv": [2.4375, 13.0625, 2.375, 13], "texture": "#1"},
				"down": {"uv": [13.0625, 2.5, 13, 2.5625], "texture": "#1"}
			}
		},
		{
			"from": [6.82635, 24.45345, -4.088],
			"to": [10.12635, 27.75345, -3.758],
			"rotation": {"angle": 22.5, "axis": "x", "origin": [8.47635, 26.10345, -4.088]},
			"faces": {
				"north": {"uv": [9.125, 2, 9.4375, 2.3125], "texture": "#1"},
				"east": {"uv": [12.75, 8.5, 12.78125, 8.8125], "texture": "#1"},
				"south": {"uv": [9.125, 8.25, 9.4375, 8.5625], "texture": "#1"},
				"west": {"uv": [12.75, 9, 12.78125, 9.3125], "texture": "#1"},
				"up": {"uv": [13.0625, 9.53125, 12.75, 9.5], "texture": "#1"},
				"down": {"uv": [13.0625, 10.75, 12.75, 10.78125], "texture": "#1"}
			}
		},
		{
			"from": [8.14635, 25.77345, -4.748],
			"to": [8.80635, 26.43345, -3.098],
			"rotation": {"angle": 22.5, "axis": "x", "origin": [8.47635, 26.10345, -4.088]},
			"faces": {
				"north": {"uv": [13, 2.75, 13.0625, 2.8125], "texture": "#1"},
				"east": {"uv": [10.25, 12.75, 10.40625, 12.8125], "texture": "#1"},
				"south": {"uv": [13, 3, 13.0625, 3.0625], "texture": "#1"},
				"west": {"uv": [10.875, 12.75, 11.03125, 12.8125], "texture": "#1"},
				"up": {"uv": [9.6875, 12.90625, 9.625, 12.75], "texture": "#1"},
				"down": {"uv": [12.8125, 11, 12.75, 11.15625], "texture": "#1"}
			}
		},
		{
			"from": [4.51635, 22.59611, 10.12308],
			"to": [5.17635, 26.55611, 10.78308],
			"rotation": {"angle": 0, "axis": "y", "origin": [15.07635, 33.15611, 20.02308]},
			"faces": {
				"north": {"uv": [3, 12.375, 3.0625, 12.75], "texture": "#1"},
				"east": {"uv": [3.25, 12.375, 3.3125, 12.75], "texture": "#1"},
				"south": {"uv": [3.75, 12.375, 3.8125, 12.75], "texture": "#1"},
				"west": {"uv": [12.375, 4.75, 12.4375, 5.125], "texture": "#1"},
				"up": {"uv": [13.0625, 3.3125, 13, 3.25], "texture": "#1"},
				"down": {"uv": [13.0625, 3.5, 13, 3.5625], "texture": "#1"}
			}
		},
		{
			"from": [16.98314, 19.52945, 7.81308],
			"to": [17.64314, 23.48945, 8.47308],
			"rotation": {"angle": -45, "axis": "z", "origin": [17.31314, 21.50945, 8.14308]},
			"faces": {
				"north": {"uv": [12.375, 5.25, 12.4375, 5.625], "texture": "#1"},
				"east": {"uv": [5.375, 12.375, 5.4375, 12.75], "texture": "#1"},
				"south": {"uv": [5.625, 12.375, 5.6875, 12.75], "texture": "#1"},
				"west": {"uv": [12.375, 6.25, 12.4375, 6.625], "texture": "#1"},
				"up": {"uv": [13.0625, 3.8125, 13, 3.75], "texture": "#1"},
				"down": {"uv": [4.0625, 13, 4, 13.0625], "texture": "#1"}
			}
		},
		{
			"from": [17.24425, 22.75222, 6.49308],
			"to": [20.54425, 23.08222, 9.79308],
			"rotation": {"angle": -22.5, "axis": "z", "origin": [18.89425, 23.41222, 8.14308]},
			"faces": {
				"north": {"uv": [12.875, 0, 13.1875, 0.03125], "texture": "#1"},
				"east": {"uv": [1.875, 12.875, 2.1875, 12.90625], "texture": "#1"},
				"south": {"uv": [3, 12.875, 3.3125, 12.90625], "texture": "#1"},
				"west": {"uv": [12.875, 4.5, 13.1875, 4.53125], "texture": "#1"},
				"up": {"uv": [9.5625, 0.3125, 9.25, 0], "texture": "#1"},
				"down": {"uv": [6.0625, 9.25, 5.75, 9.5625], "texture": "#1"}
			}
		},
		{
			"from": [18.56425, 23.08222, 7.81308],
			"to": [19.22425, 23.74222, 8.47308],
			"rotation": {"angle": -22.5, "axis": "z", "origin": [18.89425, 23.41222, 8.14308]},
			"faces": {
				"north": {"uv": [13, 4, 13.0625, 4.0625], "texture": "#1"},
				"east": {"uv": [4.25, 13, 4.3125, 13.0625], "texture": "#1"},
				"south": {"uv": [13, 4.25, 13.0625, 4.3125], "texture": "#1"},
				"west": {"uv": [5, 13, 5.0625, 13.0625], "texture": "#1"},
				"up": {"uv": [13.0625, 5.5625, 13, 5.5], "texture": "#1"},
				"down": {"uv": [5.8125, 13, 5.75, 13.0625], "texture": "#1"}
			}
		},
		{
			"from": [8.8753, 5.03011, 9.33637],
			"to": [11.5153, 7.14211, 10.39237],
			"rotation": {"angle": 45, "axis": "y", "origin": [10.1953, 6.61411, 9.86437]},
			"faces": {
				"north": {"uv": [9.75, 0.25, 10.0625, 0.5], "texture": "#1"},
				"east": {"uv": [2.75, 11.75, 2.875, 12], "texture": "#1"},
				"south": {"uv": [9.75, 0.625, 10.0625, 0.875], "texture": "#1"},
				"west": {"uv": [3, 11.75, 3.125, 12], "texture": "#1"},
				"up": {"uv": [6.8125, 11.375, 6.5, 11.25], "texture": "#1"},
				"down": {"uv": [11.6875, 1.75, 11.375, 1.875], "texture": "#1"}
			}
		},
		{
			"from": [5.14728, 5.03011, 6.68311],
			"to": [6.20328, 7.14211, 9.32311],
			"rotation": {"angle": 0, "axis": "y", "origin": [27.32328, 14.53411, 13.28311]},
			"faces": {
				"north": {"uv": [3.5, 11.75, 3.625, 12], "texture": "#1"},
				"east": {"uv": [9.75, 7, 10.0625, 7.25], "texture": "#1"},
				"south": {"uv": [5.5, 11.75, 5.625, 12], "texture": "#1"},
				"west": {"uv": [9.875, 4, 10.1875, 4.25], "texture": "#1"},
				"up": {"uv": [1.375, 11.5625, 1.25, 11.25], "texture": "#1"},
				"down": {"uv": [3.75, 11.25, 3.625, 11.5625], "texture": "#1"}
			}
		},
		{
			"from": [5.11526, 5.03011, 9.33637],
			"to": [7.75526, 7.14211, 10.39237],
			"rotation": {"angle": -45, "axis": "y", "origin": [6.43526, 6.61411, 9.86437]},
			"faces": {
				"north": {"uv": [9.875, 4.375, 10.1875, 4.625], "texture": "#1"},
				"east": {"uv": [5.75, 11.75, 5.875, 12], "texture": "#1"},
				"south": {"uv": [9.875, 4.75, 10.1875, 5], "texture": "#1"},
				"west": {"uv": [6.875, 11.75, 7, 12], "texture": "#1"},
				"up": {"uv": [11.6875, 2.125, 11.375, 2], "texture": "#1"},
				"down": {"uv": [11.6875, 2.25, 11.375, 2.375], "texture": "#1"}
			}
		},
		{
			"from": [6.99528, 5.03011, 10.11511],
			"to": [9.63528, 7.14211, 11.17111],
			"rotation": {"angle": 0, "axis": "y", "origin": [18.87528, 14.53411, 16.45111]},
			"faces": {
				"north": {"uv": [9.875, 5.125, 10.1875, 5.375], "texture": "#1"},
				"east": {"uv": [10.875, 11.75, 11, 12], "texture": "#1"},
				"south": {"uv": [9.875, 5.5, 10.1875, 5.75], "texture": "#1"},
				"west": {"uv": [11.75, 11.625, 11.875, 11.875], "texture": "#1"},
				"up": {"uv": [11.6875, 2.625, 11.375, 2.5], "texture": "#1"},
				"down": {"uv": [11.6875, 2.75, 11.375, 2.875], "texture": "#1"}
			}
		},
		{
			"from": [10.42728, 5.03011, 6.68311],
			"to": [11.48328, 7.14211, 9.32311],
			"rotation": {"angle": 0, "axis": "y", "origin": [32.60328, 14.53411, 13.28311]},
			"faces": {
				"north": {"uv": [11.875, 0.25, 12, 0.5], "texture": "#1"},
				"east": {"uv": [9.875, 5.875, 10.1875, 6.125], "texture": "#1"},
				"south": {"uv": [1.75, 11.875, 1.875, 12.125], "texture": "#1"},
				"west": {"uv": [9.875, 6.25, 10.1875, 6.5], "texture": "#1"},
				"up": {"uv": [7.125, 11.5625, 7, 11.25], "texture": "#1"},
				"down": {"uv": [11.5, 3, 11.375, 3.3125], "texture": "#1"}
			}
		},
		{
			"from": [8.8753, 5.03011, 5.61384],
			"to": [11.5153, 7.14211, 6.66984],
			"rotation": {"angle": -45, "axis": "y", "origin": [10.1953, 6.61411, 6.14184]},
			"faces": {
				"north": {"uv": [6.5, 9.875, 6.8125, 10.125], "texture": "#1"},
				"east": {"uv": [11.875, 1.75, 12, 2], "texture": "#1"},
				"south": {"uv": [9.875, 6.625, 10.1875, 6.875], "texture": "#1"},
				"west": {"uv": [11.875, 2.125, 12, 2.375], "texture": "#1"},
				"up": {"uv": [11.6875, 3.625, 11.375, 3.5], "texture": "#1"},
				"down": {"uv": [11.6875, 3.75, 11.375, 3.875], "texture": "#1"}
			}
		},
		{
			"from": [6.99528, 5.03011, 4.83511],
			"to": [9.63528, 7.14211, 5.89111],
			"rotation": {"angle": 0, "axis": "y", "origin": [18.87528, 14.53411, 11.17111]},
			"faces": {
				"north": {"uv": [9.125, 9.875, 9.4375, 10.125], "texture": "#1"},
				"east": {"uv": [11.875, 2.5, 12, 2.75], "texture": "#1"},
				"south": {"uv": [9.875, 9.5, 10.1875, 9.75], "texture": "#1"},
				"west": {"uv": [11.875, 3.375, 12, 3.625], "texture": "#1"},
				"up": {"uv": [4.8125, 11.5, 4.5, 11.375], "texture": "#1"},
				"down": {"uv": [11.6875, 7, 11.375, 7.125], "texture": "#1"}
			}
		},
		{
			"from": [5.11526, 5.03011, 5.61384],
			"to": [7.75526, 7.14211, 6.66984],
			"rotation": {"angle": 45, "axis": "y", "origin": [6.43526, 6.61411, 6.14184]},
			"faces": {
				"north": {"uv": [9.625, 9.875, 9.9375, 10.125], "texture": "#1"},
				"east": {"uv": [11.875, 3.75, 12, 4], "texture": "#1"},
				"south": {"uv": [10, 2.375, 10.3125, 2.625], "texture": "#1"},
				"west": {"uv": [11.875, 4.125, 12, 4.375], "texture": "#1"},
				"up": {"uv": [7.5625, 11.5, 7.25, 11.375], "texture": "#1"},
				"down": {"uv": [8.0625, 11.375, 7.75, 11.5], "texture": "#1"}
			}
		},
		{
			"from": [0.55635, 6.81291, 4.18308],
			"to": [16.39635, 8.14611, 12.10308],
			"rotation": {"angle": 0, "axis": "y", "origin": [21.67635, 8.13291, 22.66308]},
			"faces": {
				"north": {"uv": [10.75, 10.375, 12.25, 10.40625], "texture": "#1"},
				"east": {"uv": [11.75, 10, 12.75, 10.03125], "texture": "#1"},
				"south": {"uv": [10.75, 10.625, 12.25, 10.65625], "texture": "#1"},
				"west": {"uv": [11.75, 11.375, 12.75, 11.40625], "texture": "#1"},
				"up": {"uv": [1.5, 3.75, 0, 2.75], "texture": "#1"},
				"down": {"uv": [4.25, 0, 2.75, 1], "texture": "#1"}
			}
		},
		{
			"from": [3.22, 10.11089, 9.5219],
			"to": [13.78, 20.67089, 9.5219],
			"rotation": {"angle": 0, "axis": "y", "origin": [-20.23586, 15.13948, 3.95058]},
			"faces": {
				"north": {"uv": [0, 0, 2.125, 2.125], "texture": "#2"},
				"east": {"uv": [8.5, 8.75, 8.5, 10.875], "texture": "#2"},
				"south": {"uv": [0, 2.5, 2.125, 4.625], "texture": "#2"},
				"west": {"uv": [9.25, 8, 9.25, 10.125], "texture": "#2"},
				"up": {"uv": [10.875, 6.25, 8.75, 6.25], "texture": "#2"},
				"down": {"uv": [11.375, 4.75, 9.25, 4.75], "texture": "#2"}
			}
		},
		{
			"from": [5.744, 10.91089, 3.19646],
			"to": [11.256, 11.17745, 9.53246],
			"rotation": {"angle": 0, "axis": "y", "origin": [8.49414, 15.13948, 3.95058]},
			"faces": {
				"north": {"uv": [8.25, 7, 9.34375, 7.0625], "texture": "#2"},
				"east": {"uv": [8, 6.5, 9.28125, 6.5625], "texture": "#2"},
				"south": {"uv": [8.25, 7.5, 9.34375, 7.5625], "texture": "#2"},
				"west": {"uv": [7, 8.25, 8.28125, 8.3125], "texture": "#2"},
				"up": {"uv": [5.59375, 2.78125, 4.5, 1.5], "texture": "#2"},
				"down": {"uv": [3.59375, 4.5, 2.5, 5.78125], "texture": "#2"}
			}
		},
		{
			"from": [6.77334, 18.55889, 1.40146],
			"to": [10.19734, 18.61489, 9.53246],
			"rotation": {"angle": 0, "axis": "y", "origin": [8.49946, 15.13948, 3.95058]},
			"faces": {
				"north": {"uv": [9.25, 2.25, 9.9375, 2.28125], "texture": "#2"},
				"east": {"uv": [3, 8.5, 4.625, 8.53125], "texture": "#2"},
				"south": {"uv": [9.25, 2.75, 9.9375, 2.78125], "texture": "#2"},
				"west": {"uv": [8.5, 3.25, 10.125, 3.28125], "texture": "#2"},
				"up": {"uv": [6.6875, 6.125, 6, 4.5], "texture": "#2"},
				"down": {"uv": [0.6875, 6.25, 0, 7.875], "texture": "#2"}
			}
		},
		{
			"from": [12.092, 12.44465, 1.40146],
			"to": [12.148, 16.42065, 9.53246],
			"rotation": {"angle": 45, "axis": "z", "origin": [8.5, 15.13948, 3.95058]},
			"faces": {
				"north": {"uv": [9, 1, 9.03125, 1.78125], "texture": "#2"},
				"east": {"uv": [4.5, 3.25, 6.125, 4.03125], "texture": "#2"},
				"south": {"uv": [4, 9, 4.03125, 9.78125], "texture": "#2"},
				"west": {"uv": [4, 4.5, 5.625, 5.28125], "texture": "#2"},
				"up": {"uv": [1.53125, 10.125, 1.5, 8.5], "texture": "#2"},
				"down": {"uv": [8.78125, 3.75, 8.75, 5.375], "texture": "#2"}
			}
		},
		{
			"from": [4.832, 12.46466, 1.40146],
			"to": [4.888, 16.40066, 9.53246],
			"rotation": {"angle": -45, "axis": "z", "origin": [8.5, 15.13948, 3.95058]},
			"faces": {
				"north": {"uv": [4.5, 9, 4.53125, 9.78125], "texture": "#2"},
				"east": {"uv": [0, 5, 1.625, 5.78125], "texture": "#2"},
				"south": {"uv": [5, 9, 5.03125, 9.78125], "texture": "#2"},
				"west": {"uv": [4, 5.75, 5.625, 6.53125], "texture": "#2"},
				"up": {"uv": [6.03125, 10.375, 6, 8.75], "texture": "#2"},
				"down": {"uv": [6.53125, 8.75, 6.5, 10.375], "texture": "#2"}
			}
		},
		{
			"from": [4.76219, 12.3504, 1.40146],
			"to": [4.81819, 18.0064, 9.53246],
			"rotation": {"angle": 22.5, "axis": "z", "origin": [8.5, 15.13948, 3.95058]},
			"faces": {
				"north": {"uv": [2, 9, 2.03125, 10.125], "texture": "#2"},
				"east": {"uv": [2.5, 0, 4.125, 1.125], "texture": "#2"},
				"south": {"uv": [2.5, 9, 2.53125, 10.125], "texture": "#2"},
				"west": {"uv": [2.5, 1.5, 4.125, 2.625], "texture": "#2"},
				"up": {"uv": [7.03125, 10.375, 7, 8.75], "texture": "#2"},
				"down": {"uv": [7.53125, 8.75, 7.5, 10.375], "texture": "#2"}
			}
		},
		{
			"from": [12.19265, 12.32429, 1.40146],
			"to": [12.24865, 17.98029, 9.53246],
			"rotation": {"angle": -22.5, "axis": "z", "origin": [8.5, 15.13948, 3.95058]},
			"faces": {
				"north": {"uv": [3, 9, 3.03125, 10.125], "texture": "#2"},
				"east": {"uv": [2.5, 3, 4.125, 4.125], "texture": "#2"},
				"south": {"uv": [3.5, 9, 3.53125, 10.125], "texture": "#2"},
				"west": {"uv": [4.5, 0, 6.125, 1.125], "texture": "#2"},
				"up": {"uv": [8.03125, 10.375, 8, 8.75], "texture": "#2"},
				"down": {"uv": [8.78125, 8, 8.75, 9.625], "texture": "#2"}
			}
		},
		{
			"from": [11.43618, 14.85034, 1.57439],
			"to": [12.29218, 17.73834, 3.43039],
			"rotation": {"angle": -45, "axis": "z", "origin": [8.5, 15.13948, 3.95058]},
			"faces": {
				"north": {"uv": [8, 2.25, 8.15625, 2.8125], "texture": "#2"},
				"east": {"uv": [7, 5.5, 7.375, 6.0625], "texture": "#2"},
				"south": {"uv": [2.5, 8, 2.65625, 8.5625], "texture": "#2"},
				"west": {"uv": [6.5, 7, 6.875, 7.5625], "texture": "#2"},
				"up": {"uv": [8.65625, 0.875, 8.5, 0.5], "texture": "#2"},
				"down": {"uv": [1.15625, 8.5, 1, 8.875], "texture": "#2"}
			}
		},
		{
			"from": [5.396, 11.16689, 2.39646],
			"to": [11.604, 13.02289, 3.45246],
			"rotation": {"angle": 0, "axis": "y", "origin": [8.49014, 15.13948, 3.95058]},
			"faces": {
				"north": {"uv": [6, 2.5, 7.25, 2.875], "texture": "#2"},
				"east": {"uv": [8, 4.75, 8.21875, 5.125], "texture": "#2"},
				"south": {"uv": [6.5, 0, 7.75, 0.375], "texture": "#2"},
				"west": {"uv": [6.5, 8, 6.71875, 8.375], "texture": "#2"},
				"up": {"uv": [5.25, 7.21875, 4, 7], "texture": "#2"},
				"down": {"uv": [8.25, 4.25, 7, 4.46875], "texture": "#2"}
			}
		},
		{
			"from": [5.91509, 11.36125, 1.57439],
			"to": [8.80309, 12.21725, 3.43039],
			"rotation": {"angle": -45, "axis": "z", "origin": [8.5, 15.13948, 3.95058]},
			"faces": {
				"north": {"uv": [3, 8, 3.5625, 8.15625], "texture": "#2"},
				"east": {"uv": [8.5, 2.25, 8.875, 2.40625], "texture": "#2"},
				"south": {"uv": [4, 8, 4.5625, 8.15625], "texture": "#2"},
				"west": {"uv": [8.5, 2.75, 8.875, 2.90625], "texture": "#2"},
				"up": {"uv": [1.5625, 7.625, 1, 7.25], "texture": "#2"},
				"down": {"uv": [2.5625, 7.25, 2, 7.625], "texture": "#2"}
			}
		},
		{
			"from": [4.596, 13.99504, 1.0457],
			"to": [12.404, 16.65104, 2.1017],
			"rotation": {"angle": -45, "axis": "x", "origin": [8.49014, 15.13948, 3.95058]},
			"faces": {
				"north": {"uv": [6, 1.5, 7.5625, 2.03125], "texture": "#2"},
				"east": {"uv": [6, 7.75, 6.21875, 8.28125], "texture": "#2"},
				"south": {"uv": [1, 6.25, 2.5625, 6.78125], "texture": "#2"},
				"west": {"uv": [2, 8, 2.21875, 8.53125], "texture": "#2"},
				"up": {"uv": [8.0625, 0.96875, 6.5, 0.75], "texture": "#2"},
				"down": {"uv": [7.5625, 6.5, 6, 6.71875], "texture": "#2"}
			}
		},
		{
			"from": [6.996, 14.90096, 0.51839],
			"to": [10.004, 18.63696, 1.57439],
			"rotation": {"angle": 0, "axis": "y", "origin": [8.49014, 15.13948, 3.95058]},
			"faces": {
				"north": {"uv": [3, 6.25, 3.59375, 7], "texture": "#2"},
				"east": {"uv": [2, 5, 2.21875, 5.75], "texture": "#2"},
				"south": {"uv": [6.5, 3.25, 7.09375, 4], "texture": "#2"},
				"west": {"uv": [7.5, 2.5, 7.71875, 3.25], "texture": "#2"},
				"up": {"uv": [8.59375, 1.46875, 8, 1.25], "texture": "#2"},
				"down": {"uv": [8.59375, 1.75, 8, 1.96875], "texture": "#2"}
			}
		},
		{
			"from": [6.78059, 18.62109, 0.51839],
			"to": [9.91659, 18.86909, 1.57439],
			"rotation": {"angle": 45, "axis": "z", "origin": [8.5, 15.13948, 3.95058]},
			"faces": {
				"north": {"uv": [9, 0, 9.625, 0.0625], "texture": "#2"},
				"east": {"uv": [9.25, 3.75, 9.46875, 3.8125], "texture": "#2"},
				"south": {"uv": [9, 0.5, 9.625, 0.5625], "texture": "#2"},
				"west": {"uv": [9.25, 4.25, 9.46875, 4.3125], "texture": "#2"},
				"up": {"uv": [8.625, 0.21875, 8, 0], "texture": "#2"},
				"down": {"uv": [1.625, 8, 1, 8.21875], "texture": "#2"}
			}
		},
		{
			"from": [7.08341, 18.62109, 0.51839],
			"to": [10.21941, 18.86909, 1.57439],
			"rotation": {"angle": -45, "axis": "z", "origin": [8.5, 15.13948, 3.95058]},
			"faces": {
				"north": {"uv": [9.625, 0, 9, 0.0625], "texture": "#2"},
				"east": {"uv": [9.46875, 4.25, 9.25, 4.3125], "texture": "#2"},
				"south": {"uv": [9.625, 0.5, 9, 0.5625], "texture": "#2"},
				"west": {"uv": [9.46875, 3.75, 9.25, 3.8125], "texture": "#2"},
				"up": {"uv": [8, 0.21875, 8.625, 0], "texture": "#2"},
				"down": {"uv": [1, 8, 1.625, 8.21875], "texture": "#2"}
			}
		},
		{
			"from": [9.65393, 13.51465, 0.51839],
			"to": [13.04693, 14.97065, 1.57359],
			"rotation": {"angle": 22.5, "axis": "z", "origin": [8.5, 15.13948, 3.95058]},
			"faces": {
				"north": {"uv": [3, 7.25, 3.6875, 7.53125], "texture": "#2"},
				"east": {"uv": [5, 8.25, 5.21875, 8.53125], "texture": "#2"},
				"south": {"uv": [7.25, 7, 7.9375, 7.28125], "texture": "#2"},
				"west": {"uv": [5.5, 8.25, 5.71875, 8.53125], "texture": "#2"},
				"up": {"uv": [8.1875, 3.71875, 7.5, 3.5], "texture": "#2"},
				"down": {"uv": [4.6875, 7.5, 4, 7.71875], "texture": "#2"}
			}
		},
		{
			"from": [3.8913, 13.44219, 0.51839],
			"to": [7.3643, 14.97819, 1.57359],
			"rotation": {"angle": -22.5, "axis": "z", "origin": [8.5, 15.13948, 3.95058]},
			"faces": {
				"north": {"uv": [7, 4.75, 7.6875, 5.0625], "texture": "#2"},
				"east": {"uv": [0, 8.25, 0.21875, 8.5625], "texture": "#2"},
				"south": {"uv": [5.5, 7, 6.1875, 7.3125], "texture": "#2"},
				"west": {"uv": [0.5, 8.25, 0.71875, 8.5625], "texture": "#2"},
				"up": {"uv": [5.6875, 7.96875, 5, 7.75], "texture": "#2"},
				"down": {"uv": [8.4375, 5.5, 7.75, 5.71875], "texture": "#2"}
			}
		},
		{
			"from": [4.50616, 14.98021, 0.83089],
			"to": [7.35416, 17.76621, 1.26109],
			"rotation": {"angle": -22.5, "axis": "z", "origin": [8.48986, 15.11499, 3.95058]},
			"faces": {
				"north": {"uv": [0, 0, 2.25, 2.25], "texture": "#4"},
				"east": {"uv": [7, 0, 7.375, 2.25], "texture": "#4"},
				"south": {"uv": [0, 4, 2.25, 6.25], "texture": "#4"},
				"west": {"uv": [7, 4, 7.375, 6.25], "texture": "#4"},
				"up": {"uv": [2.25, 8.375, 0, 8], "texture": "#4"},
				"down": {"uv": [6.25, 8, 4, 8.375], "texture": "#4"}
			}
		},
		{
			"from": [9.90416, 14.9496, 0.83089],
			"to": [12.43966, 17.7356, 1.26109],
			"rotation": {"angle": 22.5, "axis": "z", "origin": [8.45596, 15.08439, 3.95058]},
			"faces": {
				"north": {"uv": [4, 0, 6, 2.25], "texture": "#4"},
				"east": {"uv": [8, 8, 8.375, 10.25], "texture": "#4"},
				"south": {"uv": [4, 4, 6, 6.25], "texture": "#4"},
				"west": {"uv": [9, 0, 9.375, 2.25], "texture": "#4"},
				"up": {"uv": [11, 4.375, 9, 4], "texture": "#4"},
				"down": {"uv": [11, 6, 9, 6.375], "texture": "#4"}
			}
		}
	],
	"gui_light": "front",
	"display": {
		"thirdperson_righthand": {
			"translation": [0, 0.5, 0],
			"scale": [0.5, 0.5, 0.5]
		},
		"thirdperson_lefthand": {
			"translation": [0, 0.25, 0],
			"scale": [0.5, 0.5, 0.5]
		},
		"firstperson_righthand": {
			"scale": [0.5, 0.5, 0.5]
		},
		"firstperson_lefthand": {
			"scale": [0.5, 0.5, 0.5]
		},
		"ground": {
			"translation": [0, 6.75, 0],
			"scale": [0.5, 0.5, 0.5]
		},
		"gui": {
			"rotation": [0, -180, 0],
			"translation": [0.45, 0.5, 0],
			"scale": [0.5, 0.5, 0.5]
		},
		"head": {
			"translation": [-0.5, 20.25, 0],
			"scale": [4, 4, 4]
		},
		"fixed": {
			"rotation": [-90, 0, 0],
			"translation": [0, 0, -17.25]
		}
	},
	"groups": [
		{
			"name": "upper body",
			"origin": [8, 8, 8],
			"color": 0,
			"nbt": "{}",
			"children": [
				{
					"name": "centre",
					"origin": [1, 16.93934, 9.35355],
					"color": 0,
					"nbt": "{}",
					"children": [0, 1, 2, 3, 4, 5, 6, 7, 8, 9, 10, 11, 12, 13, 14, 15, 16, 17, 18, 19, 20]
				},
				{
					"name": "back",
					"origin": [12.26777, 12.33658, 12.93742],
					"color": 0,
					"nbt": "{}",
					"children": [21, 22, 23, 24, 25, 26, 27, 28, 29, 30, 31, 32, 33, 34, 35, 36, 37, 38, 39, 40, 41, 42, 43, 44, 45, 46]
				},
				{
					"name": "front",
					"origin": [8, 15.5, 4],
					"color": 0,
					"nbt": "{}",
					"children": [47, 48, 49, 50, 51, 52, 53, 54, 55, 56, 57, 58, 59, 60, 61, 62, 63, 64, 65, 66, 67]
				},
				{
					"name": "antennas",
					"origin": [15.89235, 24.61827, 8],
					"color": 0,
					"nbt": "{}",
					"children": [68, 69, 70, 71, 72, 73, 74, 75]
				}
			]
		},
		{
			"name": "lower body",
			"origin": [13.12132, 6.5, 13.17157],
			"color": 0,
			"nbt": "{}",
			"children": [
				{
					"name": "thruster",
					"origin": [6.21967, 4.5, 6.23744],
					"color": 0,
					"nbt": "{}",
					"children": [76, 77, 78, 79, 80, 81, 82, 83]
				},
				84
			]
		},
		{
			"name": "interior",
			"origin": [8, 8, 8],
			"color": 0,
			"nbt": "{}",
			"children": [85, 86, 87, 88, 89, 90, 91, 92, 93, 94, 95, 96, 97, 98, 99, 100, 101, 102]
		}
	]
}