{
    "parent":"mechanization:base/model_block",
    "textures": {
        "0": "mechanization:assembly/block/ender_hopper_side"
    },
    "elements": [
        {
            "name": "Top",
            "from": [ 0, 0, 0 ], 
            "to": [ 16, 16, 16 ], 
            "faces": {
                "north": { "texture": "#0", "uv": [ 0.0, 0.0, 16.0, 16.0 ] },
				"south": { "texture": "#0", "uv": [ 0.0, 0.0, 16.0, 16.0 ] },
				"east": { "texture": "#0", "uv": [ 0.0, 0.0, 16.0, 16.0 ] },
				"west": { "texture": "#0", "uv": [ 0.0, 0.0, 16.0, 16.0 ] }
            }
        }
    ]
}