{
	"credit": "Made with Blockbench",
	"texture_size": [144, 144],
	"textures": {
		"2": "expansion:vehicles/rocket/rocket_old",
		"particle": "expansion:vehicles/rocket/rocket_old"
	},
	"elements": [
		{
			"name": "octagon",
			"from": [5.51472, 0.5, 2],
			"to": [10.48528, 18.75, 13],
			"rotation": {"angle": 45, "axis": "y", "origin": [8, 15, 8]},
			"faces": {
				"north": {"uv": [0, 0.25, 0.55556, 2.38889], "texture": "#2"},
				"east": {"uv": [8.33333, 10.11111, 8.44444, 13.22222], "texture": "#2"},
				"south": {"uv": [0.66667, 0, 1.22222, 3.11111], "texture": "#2"},
				"west": {"uv": [6.66667, 10.66667, 6.77778, 13.77778], "texture": "#2"},
				"up": {"uv": [13.66667, 13.22222, 13.11111, 13.11111], "texture": "#2"},
				"down": {"uv": [13.77778, 0, 13.22222, 0.11111], "texture": "#2"}
			}
		},
		{
			"name": "octagon",
			"from": [5.51472, 0.5, 2],
			"to": [10.48528, 18.75, 13],
			"rotation": {"angle": 0, "axis": "y", "origin": [0, 7, 0]},
			"faces": {
				"north": {"uv": [1.33333, 0.25, 1.88889, 2.38889], "texture": "#2"},
				"east": {"uv": [6.88889, 10.66667, 7, 13.77778], "texture": "#2"},
				"south": {"uv": [2, 0, 2.55556, 3.11111], "texture": "#2"},
				"west": {"uv": [8.55556, 10.66667, 8.66667, 13.77778], "texture": "#2"},
				"up": {"uv": [13.77778, 0.33333, 13.22222, 0.22222], "texture": "#2"},
				"down": {"uv": [13.77778, 0.44444, 13.22222, 0.55556], "texture": "#2"}
			}
		},
		{
			"name": "octagon",
			"from": [5.51472, 0.5, 13],
			"to": [10.48528, 18.75, 14],
			"rotation": {"angle": 45, "axis": "y", "origin": [8, 15, 8]},
			"faces": {
				"north": {"uv": [2.66667, 0, 3.22222, 3.11111], "texture": "#2"},
				"east": {"uv": [8.77778, 10.66667, 8.88889, 13.77778], "texture": "#2"},
				"south": {"uv": [0, 3.47222, 0.55556, 5.61111], "texture": "#2"},
				"west": {"uv": [9, 10.66667, 9.11111, 13.77778], "texture": "#2"},
				"up": {"uv": [13.77778, 0.77778, 13.22222, 0.66667], "texture": "#2"},
				"down": {"uv": [13.77778, 0.88889, 13.22222, 1], "texture": "#2"}
			}
		},
		{
			"name": "octagon",
			"from": [5.51472, 0.5, 13],
			"to": [10.48528, 18.75, 14],
			"rotation": {"angle": 0, "axis": "y", "origin": [0, 7, 0]},
			"faces": {
				"north": {"uv": [0.66667, 3.22222, 1.22222, 6.33333], "texture": "#2"},
				"east": {"uv": [9.22222, 10.66667, 9.33333, 13.77778], "texture": "#2"},
				"south": {"uv": [1.33333, 3.47222, 1.88889, 5.61111], "texture": "#2"},
				"west": {"uv": [9.44444, 10.66667, 9.55556, 13.77778], "texture": "#2"},
				"up": {"uv": [13.77778, 1.22222, 13.22222, 1.11111], "texture": "#2"},
				"down": {"uv": [13.77778, 4, 13.22222, 4.11111], "texture": "#2"}
			}
		},
		{
			"name": "octagon",
			"from": [3.61091, 0.5, 9.40381],
			"to": [14.61091, 18.75, 14.37437],
			"rotation": {"angle": 45, "axis": "y", "origin": [4.11091, 14.5, 11.88909]},
			"faces": {
				"north": {"uv": [9.66667, 10.66667, 9.77778, 13.77778], "texture": "#2"},
				"east": {"uv": [2, 3.22222, 2.55556, 6.33333], "texture": "#2"},
				"south": {"uv": [9.88889, 10.66667, 10, 13.77778], "texture": "#2"},
				"west": {"uv": [2.66667, 3.47222, 3.22222, 5.61111], "texture": "#2"},
				"up": {"uv": [11.88889, 11, 11.77778, 10.44444], "texture": "#2"},
				"down": {"uv": [12, 0, 11.88889, 0.55556], "texture": "#2"}
			}
		},
		{
			"name": "octagon",
			"from": [2, 0.5, 5.51472],
			"to": [3, 18.75, 10.48528],
			"rotation": {"angle": 0, "axis": "y", "origin": [0, 7, 0]},
			"faces": {
				"north": {"uv": [10.11111, 10.66667, 10.22222, 13.77778], "texture": "#2"},
				"east": {"uv": [3.33333, 0, 3.88889, 3.11111], "texture": "#2"},
				"south": {"uv": [10.33333, 10.66667, 10.44444, 13.77778], "texture": "#2"},
				"west": {"uv": [3.33333, 3.47222, 3.88889, 5.61111], "texture": "#2"},
				"up": {"uv": [12.11111, 11, 12, 10.44444], "texture": "#2"},
				"down": {"uv": [12.22222, 0, 12.11111, 0.55556], "texture": "#2"}
			}
		},
		{
			"name": "octagon",
			"from": [13, 0.5, 5.51472],
			"to": [14, 18.75, 10.48528],
			"rotation": {"angle": 45, "axis": "y", "origin": [8, 15, 8]},
			"faces": {
				"north": {"uv": [10.55556, 10.66667, 10.66667, 13.77778], "texture": "#2"},
				"east": {"uv": [4, 0.25, 4.55556, 2.38889], "texture": "#2"},
				"south": {"uv": [10.77778, 9.33333, 10.88889, 12.44444], "texture": "#2"},
				"west": {"uv": [4, 3.22222, 4.55556, 6.33333], "texture": "#2"},
				"up": {"uv": [13.33333, 4.77778, 13.22222, 4.22222], "texture": "#2"},
				"down": {"uv": [13.33333, 4.88889, 13.22222, 5.44444], "texture": "#2"}
			}
		},
		{
			"name": "octagon",
			"from": [3, 0.5, 5.51472],
			"to": [14, 18.75, 10.48528],
			"rotation": {"angle": 0, "axis": "y", "origin": [0, 7, 0]},
			"faces": {
				"north": {"uv": [10.88889, 0, 11, 3.11111], "texture": "#2"},
				"east": {"uv": [4.66667, 0.25, 5.22222, 2.38889], "texture": "#2"},
				"south": {"uv": [10.88889, 3.22222, 11, 6.33333], "texture": "#2"},
				"west": {"uv": [4.66667, 3.22222, 5.22222, 6.33333], "texture": "#2"},
				"up": {"uv": [13.33333, 6.11111, 13.22222, 5.55556], "texture": "#2"},
				"down": {"uv": [13.44444, 1.33333, 13.33333, 1.88889], "texture": "#2"}
			}
		},
		{
			"from": [14.08135, 0.56836, 2.34435],
			"to": [15.08135, 8.86836, 5.65685],
			"rotation": {"angle": 22.5, "axis": "z", "origin": [14.58135, -2.63164, 4.0006]},
			"faces": {
				"north": {"uv": [2, 11.44444, 2.11111, 13.66667], "texture": "#2"},
				"east": {"uv": [3.33333, 7.97222, 3.69444, 8.63888], "texture": "#2"},
				"south": {"uv": [2.22222, 11.44444, 2.33333, 13.66667], "texture": "#2"},
				"west": {"uv": [0.55556, 6.44444, 0.91667, 8.66667], "texture": "#2"},
				"up": {"uv": [14, 11.02778, 13.88889, 10.66667], "texture": "#2"},
				"down": {"uv": [11, 13.88889, 10.88889, 14.25], "texture": "#2"}
			}
		},
		{
			"from": [10.34435, 0.7206, 0.15328],
			"to": [13.65685, 9.0206, 1.15328],
			"rotation": {"angle": 22.5, "axis": "x", "origin": [11.8131, -4.4794, 0.65328]},
			"faces": {
				"north": {"uv": [4.44444, 7.97222, 4.80556, 8.63889], "texture": "#2"},
				"east": {"uv": [3.77778, 11.44444, 3.88889, 13.66667], "texture": "#2"},
				"south": {"uv": [6.88889, 0, 7.25, 2.22222], "texture": "#2"},
				"west": {"uv": [4, 11.44444, 4.11111, 13.66667], "texture": "#2"},
				"up": {"uv": [14.25, 13, 13.88889, 12.88889], "texture": "#2"},
				"down": {"uv": [2.25, 14, 1.88889, 14.11111], "texture": "#2"}
			}
		},
		{
			"from": [2.34315, 0.7206, 0.15328],
			"to": [5.65565, 9.0206, 1.15328],
			"rotation": {"angle": 22.5, "axis": "x", "origin": [4.1869, -4.4794, 0.65328]},
			"faces": {
				"north": {"uv": [6.88889, 3.86111, 7.25, 4.52777], "texture": "#2"},
				"east": {"uv": [4.22222, 11.44444, 4.33333, 13.66667], "texture": "#2"},
				"south": {"uv": [6.88889, 4.66667, 7.25, 6.88889], "texture": "#2"},
				"west": {"uv": [4.44444, 11.44444, 4.55556, 13.66667], "texture": "#2"},
				"up": {"uv": [14.36111, 2.11111, 14, 2], "texture": "#2"},
				"down": {"uv": [2.80556, 14, 2.44444, 14.11111], "texture": "#2"}
			}
		},
		{
			"from": [0.91865, 0.56836, 2.34435],
			"to": [1.91865, 8.86836, 5.65685],
			"rotation": {"angle": -22.5, "axis": "z", "origin": [1.41865, -2.63164, 4.0006]},
			"faces": {
				"north": {"uv": [2.44444, 11.44444, 2.55556, 13.66667], "texture": "#2"},
				"east": {"uv": [1.11111, 6.44444, 1.47222, 8.66667], "texture": "#2"},
				"south": {"uv": [2.66667, 11.44444, 2.77778, 13.66667], "texture": "#2"},
				"west": {"uv": [1.66667, 7.97222, 2.02778, 8.63889], "texture": "#2"},
				"up": {"uv": [11.22222, 14.25, 11.11111, 13.88889], "texture": "#2"},
				"down": {"uv": [14, 11.22222, 13.88889, 11.58333], "texture": "#2"}
			}
		},
		{
			"from": [0.91865, 0.56836, 10.34315],
			"to": [1.91865, 8.86836, 13.65565],
			"rotation": {"angle": -22.5, "axis": "z", "origin": [1.41865, -2.63164, 11.9994]},
			"faces": {
				"north": {"uv": [2.88889, 11.44444, 3, 13.66667], "texture": "#2"},
				"east": {"uv": [2.22222, 6.44444, 2.58333, 8.66667], "texture": "#2"},
				"south": {"uv": [3.11111, 11.44444, 3.22222, 13.66667], "texture": "#2"},
				"west": {"uv": [2.77778, 7.97222, 3.13889, 8.63889], "texture": "#2"},
				"up": {"uv": [11.44444, 14.25, 11.33333, 13.88889], "texture": "#2"},
				"down": {"uv": [14, 11.77778, 13.88889, 12.13889], "texture": "#2"}
			}
		},
		{
			"from": [2.34315, 0.7206, 14.84672],
			"to": [5.65565, 9.0206, 15.84672],
			"rotation": {"angle": -22.5, "axis": "x", "origin": [4.1869, -4.4794, 15.34672]},
			"faces": {
				"north": {"uv": [6.88889, 7, 7.25, 9.22222], "texture": "#2"},
				"east": {"uv": [4.66667, 11.44444, 4.77778, 13.66667], "texture": "#2"},
				"south": {"uv": [7.44444, 1.52778, 7.80556, 2.19444], "texture": "#2"},
				"west": {"uv": [4.88889, 11.44444, 5, 13.66667], "texture": "#2"},
				"up": {"uv": [14.36111, 2.77778, 14, 2.66667], "texture": "#2"},
				"down": {"uv": [14.36111, 2.88889, 14, 3], "texture": "#2"}
			}
		},
		{
			"from": [10.34435, 0.7206, 14.84672],
			"to": [13.65685, 9.0206, 15.84672],
			"rotation": {"angle": -22.5, "axis": "x", "origin": [11.8131, -4.4794, 15.34672]},
			"faces": {
				"north": {"uv": [7.44444, 2.33333, 7.80556, 4.55556], "texture": "#2"},
				"east": {"uv": [5.11111, 11.44444, 5.22222, 13.66667], "texture": "#2"},
				"south": {"uv": [7.44444, 6.19444, 7.80556, 6.86111], "texture": "#2"},
				"west": {"uv": [5.33333, 11.44444, 5.44444, 13.66667], "texture": "#2"},
				"up": {"uv": [3.58333, 14.11111, 3.22222, 14], "texture": "#2"},
				"down": {"uv": [14.36111, 3.44444, 14, 3.55556], "texture": "#2"}
			}
		},
		{
			"from": [14.08135, 0.56836, 10.34315],
			"to": [15.08135, 8.86836, 13.65565],
			"rotation": {"angle": 22.5, "axis": "z", "origin": [14.58135, -2.63164, 11.9994]},
			"faces": {
				"north": {"uv": [3.33333, 11.44444, 3.44444, 13.66667], "texture": "#2"},
				"east": {"uv": [3.33333, 7.97222, 3.69444, 8.63889], "texture": "#2"},
				"south": {"uv": [3.55556, 11.44444, 3.66667, 13.66667], "texture": "#2"},
				"west": {"uv": [3.88889, 6.44444, 4.25, 8.66667], "texture": "#2"},
				"up": {"uv": [14, 12.69444, 13.88889, 12.33333], "texture": "#2"},
				"down": {"uv": [14, 13.77778, 13.88889, 14.13889], "texture": "#2"}
			}
		},
		{
			"from": [10, 0.75, 2.375],
			"to": [13, 1.75, 3.375],
			"rotation": {"angle": 0, "axis": "y", "origin": [8.00005, 3.25066, 8.00111]},
			"faces": {
				"north": {"uv": [2.04167, 1.68056, 2.08333, 1.69444], "texture": "#2"},
				"east": {"uv": [1.47222, 1.51389, 1.48611, 1.52778], "texture": "#2"},
				"south": {"uv": [1.34722, 0.5, 1.38889, 0.51389], "texture": "#2"},
				"west": {"uv": [0, 1.52778, 0.11111, 1.63889], "texture": "#2"},
				"up": {"uv": [1.38889, 0.54167, 1.34722, 0.52778], "texture": "#2"},
				"down": {"uv": [1.38889, 0.55556, 1.34722, 0.56944], "texture": "#2"}
			}
		},
		{
			"from": [3, 0.75, 2.375],
			"to": [6, 1.75, 3.375],
			"rotation": {"angle": 0, "axis": "y", "origin": [8.00005, 3.25066, 8.00111]},
			"faces": {
				"north": {"uv": [3.54167, 1.30556, 3.58333, 1.31944], "texture": "#2"},
				"east": {"uv": [0.08333, 1.52778, 0.09722, 1.54167], "texture": "#2"},
				"south": {"uv": [1.34722, 0.61111, 1.38889, 0.625], "texture": "#2"},
				"west": {"uv": [0.11111, 1.52778, 0.22222, 1.63889], "texture": "#2"},
				"up": {"uv": [1.38889, 0.65278, 1.34722, 0.63889], "texture": "#2"},
				"down": {"uv": [1.38889, 0.66667, 1.34722, 0.68056], "texture": "#2"}
			}
		},
		{
			"from": [3, 0.75, 12.625],
			"to": [6, 1.75, 13.625],
			"rotation": {"angle": 0, "axis": "y", "origin": [8.00005, 3.25066, 8.00111]},
			"faces": {
				"north": {"uv": [1.34722, 0.69444, 1.38889, 0.70833], "texture": "#2"},
				"east": {"uv": [0.13889, 1.52778, 0.15278, 1.54167], "texture": "#2"},
				"south": {"uv": [0.70833, 1.34722, 0.75, 1.36111], "texture": "#2"},
				"west": {"uv": [0.16667, 1.52778, 0.27778, 1.63889], "texture": "#2"},
				"up": {"uv": [1.38889, 0.84722, 1.34722, 0.83333], "texture": "#2"},
				"down": {"uv": [1.38889, 0.86111, 1.34722, 0.875], "texture": "#2"}
			}
		},
		{
			"from": [10, 0.75, 12.625],
			"to": [13, 1.75, 13.625],
			"rotation": {"angle": 0, "axis": "y", "origin": [8.00005, 3.25066, 8.00111]},
			"faces": {
				"north": {"uv": [1.34722, 0.88889, 1.38889, 0.90278], "texture": "#2"},
				"east": {"uv": [0.29167, 1.52778, 0.30556, 1.54167], "texture": "#2"},
				"south": {"uv": [2.875, 1, 2.91667, 1.01389], "texture": "#2"},
				"west": {"uv": [0.31944, 1.52778, 0.43056, 1.63889], "texture": "#2"},
				"up": {"uv": [1.38889, 0.95833, 1.34722, 0.94444], "texture": "#2"},
				"down": {"uv": [1.38889, 0.97222, 1.34722, 0.98611], "texture": "#2"}
			}
		},
		{
			"from": [10, 1.75, 2.375],
			"to": [12.75, 2.75, 3.375],
			"rotation": {"angle": 0, "axis": "y", "origin": [8.00005, 3.25066, 8.00111]},
			"faces": {
				"north": {"uv": [2.98611, 0.94444, 3.02431, 0.95833], "texture": "#2"},
				"east": {"uv": [0.34722, 1.52778, 0.36111, 1.54167], "texture": "#2"},
				"south": {"uv": [1.40278, 0.63889, 1.44097, 0.65278], "texture": "#2"},
				"west": {"uv": [1.52778, 0.34722, 1.63889, 0.45833], "texture": "#2"},
				"up": {"uv": [1.44097, 0.68056, 1.40278, 0.66667], "texture": "#2"},
				"down": {"uv": [0.71875, 1.40278, 0.68056, 1.41667], "texture": "#2"}
			}
		},
		{
			"from": [3.25, 1.75, 2.375],
			"to": [6, 2.75, 3.375],
			"rotation": {"angle": 0, "axis": "y", "origin": [8.00005, 3.25066, 8.00111]},
			"faces": {
				"north": {"uv": [3.59722, 1.41667, 3.63542, 1.43056], "texture": "#2"},
				"east": {"uv": [1.52778, 0.375, 1.54167, 0.38889], "texture": "#2"},
				"south": {"uv": [1.40278, 0.72222, 1.44097, 0.73611], "texture": "#2"},
				"west": {"uv": [0.40278, 1.52778, 0.51389, 1.63889], "texture": "#2"},
				"up": {"uv": [1.44097, 0.76389, 1.40278, 0.75], "texture": "#2"},
				"down": {"uv": [0.85764, 1.40278, 0.81944, 1.41667], "texture": "#2"}
			}
		},
		{
			"from": [3.25, 1.75, 12.625],
			"to": [6, 2.75, 13.625],
			"rotation": {"angle": 0, "axis": "y", "origin": [8.00005, 3.25066, 8.00111]},
			"faces": {
				"north": {"uv": [1.40278, 0.83333, 1.44097, 0.84722], "texture": "#2"},
				"east": {"uv": [0.43056, 1.52778, 0.44444, 1.54167], "texture": "#2"},
				"south": {"uv": [2.23611, 0.97222, 2.27431, 0.98611], "texture": "#2"},
				"west": {"uv": [1.52778, 0.44444, 1.63889, 0.55556], "texture": "#2"},
				"up": {"uv": [0.91319, 1.41667, 0.875, 1.40278], "texture": "#2"},
				"down": {"uv": [1.44097, 0.88889, 1.40278, 0.90278], "texture": "#2"}
			}
		},
		{
			"from": [10, 1.75, 12.625],
			"to": [12.75, 2.75, 13.625],
			"rotation": {"angle": 0, "axis": "y", "origin": [8.00005, 3.25066, 8.00111]},
			"faces": {
				"north": {"uv": [1.40278, 0.91667, 1.44097, 0.93056], "texture": "#2"},
				"east": {"uv": [0.45833, 1.52778, 0.47222, 1.54167], "texture": "#2"},
				"south": {"uv": [0.93056, 1.40278, 0.96875, 1.41667], "texture": "#2"},
				"west": {"uv": [1.52778, 0.47222, 1.63889, 0.58333], "texture": "#2"},
				"up": {"uv": [1.44097, 0.95833, 1.40278, 0.94444], "texture": "#2"},
				"down": {"uv": [1.44097, 0.97222, 1.40278, 0.98611], "texture": "#2"}
			}
		},
		{
			"from": [10, 2.75, 2.375],
			"to": [12.25, 3.75, 3.375],
			"rotation": {"angle": 0, "axis": "y", "origin": [8.00005, 3.25066, 8.00111]},
			"faces": {
				"north": {"uv": [2.79167, 1.76389, 2.82292, 1.77778], "texture": "#2"},
				"east": {"uv": [1.52778, 0.5, 1.54167, 0.51389], "texture": "#2"},
				"south": {"uv": [1.26389, 1.43056, 1.29514, 1.44444], "texture": "#2"},
				"west": {"uv": [1.52778, 0.52778, 1.63889, 0.63889], "texture": "#2"},
				"up": {"uv": [1.35069, 1.44444, 1.31944, 1.43056], "texture": "#2"},
				"down": {"uv": [0.03125, 1.44444, 0, 1.45833], "texture": "#2"}
			}
		},
		{
			"from": [3.75, 2.75, 2.375],
			"to": [6, 3.75, 3.375],
			"rotation": {"angle": 0, "axis": "y", "origin": [8.00005, 3.25066, 8.00111]},
			"faces": {
				"north": {"uv": [2.36111, 2.16667, 2.39236, 2.18056], "texture": "#2"},
				"east": {"uv": [1.52778, 0.55556, 1.54167, 0.56944], "texture": "#2"},
				"south": {"uv": [0.5, 1.44444, 0.53125, 1.45833], "texture": "#2"},
				"west": {"uv": [0.56944, 1.52778, 0.68056, 1.63889], "texture": "#2"},
				"up": {"uv": [0.58681, 1.45833, 0.55556, 1.44444], "texture": "#2"},
				"down": {"uv": [0.64236, 1.44444, 0.61111, 1.45833], "texture": "#2"}
			}
		},
		{
			"from": [3.75, 2.75, 12.625],
			"to": [6, 3.75, 13.625],
			"rotation": {"angle": 0, "axis": "y", "origin": [8.00005, 3.25066, 8.00111]},
			"faces": {
				"north": {"uv": [0.72222, 1.44444, 0.75347, 1.45833], "texture": "#2"},
				"east": {"uv": [1.52778, 0.58333, 1.54167, 0.59722], "texture": "#2"},
				"south": {"uv": [2.27778, 0.88889, 2.30903, 0.90278], "texture": "#2"},
				"west": {"uv": [0.59722, 1.52778, 0.70833, 1.63889], "texture": "#2"},
				"up": {"uv": [1.47569, 0.81944, 1.44444, 0.80556], "texture": "#2"},
				"down": {"uv": [1.47569, 1.33333, 1.44444, 1.34722], "texture": "#2"}
			}
		},
		{
			"from": [10, 2.75, 12.625],
			"to": [12.25, 3.75, 13.625],
			"rotation": {"angle": 0, "axis": "y", "origin": [11.125, 2.5, 13.125]},
			"faces": {
				"north": {"uv": [1.375, 1.44444, 1.40625, 1.45833], "rotation": 180, "texture": "#2"},
				"east": {"uv": [1.52778, 0.61111, 1.54167, 0.625], "rotation": 180, "texture": "#2"},
				"south": {"uv": [2.97222, 1.44444, 3.00347, 1.45833], "rotation": 180, "texture": "#2"},
				"west": {"uv": [0.625, 1.52778, 0.73611, 1.63889], "rotation": 180, "texture": "#2"},
				"up": {"uv": [0.08681, 1.45833, 0.05556, 1.47222], "texture": "#2"},
				"down": {"uv": [1.46181, 1.45833, 1.43056, 1.44444], "texture": "#2"}
			}
		},
		{
			"from": [6.25, 6.82843, 13.07843],
			"to": [9.75, 7.07843, 13.97843],
			"rotation": {"angle": 0, "axis": "y", "origin": [7.50005, 3.57909, 8.45453]},
			"faces": {
				"north": {"uv": [1.44444, 1.36111, 1.47569, 1.375], "texture": "#2"},
				"east": {"uv": [1.52778, 0.61111, 1.54167, 0.625], "texture": "#2"},
				"south": {"uv": [1.375, 1.44444, 1.40625, 1.45833], "texture": "#2"},
				"west": {"uv": [0.625, 1.52778, 0.725, 1.55556], "texture": "#2"},
				"up": {"uv": [1.46181, 1.45833, 1.43056, 1.44444], "texture": "#2"},
				"down": {"uv": [0.08681, 1.45833, 0.05556, 1.47222], "texture": "#2"}
			}
		},
		{
			"from": [6.25, 10.42157, 13.07843],
			"to": [9.75, 10.67157, 13.97843],
			"rotation": {"angle": 0, "axis": "y", "origin": [6.75005, 3.67224, 8.45454]},
			"faces": {
				"north": {"uv": [1.44444, 1.36111, 1.47569, 1.375], "texture": "#2"},
				"east": {"uv": [1.52778, 0.61111, 1.54167, 0.625], "texture": "#2"},
				"south": {"uv": [1.375, 1.44444, 1.40625, 1.45833], "texture": "#2"},
				"west": {"uv": [0.625, 1.52778, 0.725, 1.55556], "texture": "#2"},
				"up": {"uv": [1.46181, 1.45833, 1.43056, 1.44444], "texture": "#2"},
				"down": {"uv": [0.08681, 1.45833, 0.05556, 1.47222], "texture": "#2"}
			}
		},
		{
			"from": [6, 7, 13.65],
			"to": [6.25, 10.5, 13.95],
			"rotation": {"angle": 0, "axis": "y", "origin": [5.75, 5.25, 13.6]},
			"faces": {
				"north": {"uv": [1.44444, 1.36111, 1.47569, 1.375], "rotation": 90, "texture": "#2"},
				"east": {"uv": [0.08681, 1.45833, 0.05556, 1.47222], "rotation": 270, "texture": "#2"},
				"south": {"uv": [1.375, 1.44444, 1.40625, 1.45833], "rotation": 270, "texture": "#2"},
				"west": {"uv": [1.81944, 1.47778, 1.43056, 1.44444], "rotation": 270, "texture": "#2"},
				"up": {"uv": [1.52778, 0.61111, 1.54167, 0.625], "rotation": 270, "texture": "#2"},
				"down": {"uv": [0.625, 1.52778, 0.63889, 1.54167], "rotation": 270, "texture": "#2"}
			}
		},
		{
			"from": [9.75, 7, 13.65],
			"to": [10, 10.5, 13.95],
			"rotation": {"angle": 0, "axis": "y", "origin": [5.75, 5.25, 13.6]},
			"faces": {
				"north": {"uv": [1.44444, 1.36111, 1.47569, 1.375], "rotation": 90, "texture": "#2"},
				"east": {"uv": [0.08681, 1.45833, 0.05556, 1.47222], "rotation": 270, "texture": "#2"},
				"south": {"uv": [1.375, 1.44444, 1.40625, 1.45833], "rotation": 270, "texture": "#2"},
				"west": {"uv": [1.81944, 1.47778, 1.43056, 1.44444], "rotation": 270, "texture": "#2"},
				"up": {"uv": [1.52778, 0.61111, 1.54167, 0.625], "rotation": 270, "texture": "#2"},
				"down": {"uv": [0.625, 1.52778, 0.63889, 1.54167], "rotation": 270, "texture": "#2"}
			}
		},
		{
			"from": [10, 3.75, 2.375],
			"to": [12, 4.75, 3.375],
			"rotation": {"angle": 0, "axis": "y", "origin": [8.00005, 3.25066, 8.00111]},
			"faces": {
				"north": {"uv": [3.04167, 1.05556, 3.06944, 1.06944], "texture": "#2"},
				"east": {"uv": [0.65278, 1.52778, 0.66667, 1.54167], "texture": "#2"},
				"south": {"uv": [1.45833, 0.75, 1.48611, 0.76389], "texture": "#2"},
				"west": {"uv": [1.52778, 0.66667, 1.63889, 0.77778], "texture": "#2"},
				"up": {"uv": [1.48611, 0.84722, 1.45833, 0.83333], "texture": "#2"},
				"down": {"uv": [1.48611, 0.86111, 1.45833, 0.875], "texture": "#2"}
			}
		},
		{
			"from": [4, 3.75, 2.375],
			"to": [6, 4.75, 3.375],
			"rotation": {"angle": 0, "axis": "y", "origin": [8.00005, 3.25066, 8.00111]},
			"faces": {
				"north": {"uv": [0.875, 1.45833, 0.90278, 1.47222], "texture": "#2"},
				"east": {"uv": [0.68056, 1.52778, 0.69444, 1.54167], "texture": "#2"},
				"south": {"uv": [1.45833, 0.88889, 1.48611, 0.90278], "texture": "#2"},
				"west": {"uv": [0.70833, 1.52778, 0.81944, 1.63889], "texture": "#2"},
				"up": {"uv": [0.94444, 1.47222, 0.91667, 1.45833], "texture": "#2"},
				"down": {"uv": [1.48611, 0.91667, 1.45833, 0.93056], "texture": "#2"}
			}
		},
		{
			"from": [4, 3.75, 12.625],
			"to": [6, 4.75, 13.625],
			"rotation": {"angle": 0, "axis": "y", "origin": [8.00005, 3.25066, 8.00111]},
			"faces": {
				"north": {"uv": [1.45833, 0.94444, 1.48611, 0.95833], "texture": "#2"},
				"east": {"uv": [0.73611, 1.52778, 0.75, 1.54167], "texture": "#2"},
				"south": {"uv": [2.29167, 1.08333, 2.31944, 1.09722], "texture": "#2"},
				"west": {"uv": [0.93056, 1.52778, 1.04167, 1.63889], "texture": "#2"},
				"up": {"uv": [1.06944, 1.47222, 1.04167, 1.45833], "texture": "#2"},
				"down": {"uv": [1.11111, 1.45833, 1.08333, 1.47222], "texture": "#2"}
			}
		},
		{
			"from": [10, 3.75, 12.625],
			"to": [12, 4.75, 13.625],
			"rotation": {"angle": 0, "axis": "y", "origin": [8.00005, 3.25066, 8.00111]},
			"faces": {
				"north": {"uv": [1.20833, 1.45833, 1.23611, 1.47222], "texture": "#2"},
				"east": {"uv": [0.95833, 1.52778, 0.97222, 1.54167], "texture": "#2"},
				"south": {"uv": [2.36111, 1.48611, 2.38889, 1.5], "texture": "#2"},
				"west": {"uv": [1.09722, 1.52778, 1.20833, 1.63889], "texture": "#2"},
				"up": {"uv": [1.31944, 1.47222, 1.29167, 1.45833], "texture": "#2"},
				"down": {"uv": [1.36111, 1.45833, 1.33333, 1.47222], "texture": "#2"}
			}
		},
		{
			"from": [10, 4.75, 2.375],
			"to": [11.5, 5.75, 3.375],
			"rotation": {"angle": 0, "axis": "y", "origin": [8.00005, 3.25066, 8.00111]},
			"faces": {
				"north": {"uv": [2.31944, 0.61111, 2.34028, 0.625], "texture": "#2"},
				"east": {"uv": [1.125, 1.52778, 1.13889, 1.54167], "texture": "#2"},
				"south": {"uv": [1.48611, 0.44444, 1.50694, 0.45833], "texture": "#2"},
				"west": {"uv": [1.40278, 1.52778, 1.51389, 1.63889], "texture": "#2"},
				"up": {"uv": [1.50694, 0.48611, 1.48611, 0.47222], "texture": "#2"},
				"down": {"uv": [1.50694, 0.5, 1.48611, 0.51389], "texture": "#2"}
			}
		},
		{
			"from": [4.5, 4.75, 2.375],
			"to": [6, 5.75, 3.375],
			"rotation": {"angle": 0, "axis": "y", "origin": [8.00005, 3.25066, 8.00111]},
			"faces": {
				"north": {"uv": [2.29167, 0.80556, 2.3125, 0.81944], "texture": "#2"},
				"east": {"uv": [1.52778, 1.44444, 1.54167, 1.45833], "texture": "#2"},
				"south": {"uv": [1.48611, 0.55556, 1.50694, 0.56944], "texture": "#2"},
				"west": {"uv": [1.5, 1.52778, 1.61111, 1.63889], "texture": "#2"},
				"up": {"uv": [1.50694, 0.59722, 1.48611, 0.58333], "texture": "#2"},
				"down": {"uv": [1.50694, 0.61111, 1.48611, 0.625], "texture": "#2"}
			}
		},
		{
			"from": [4.5, 4.75, 12.625],
			"to": [6, 5.75, 13.625],
			"rotation": {"angle": 0, "axis": "y", "origin": [8.00005, 3.25066, 8.00111]},
			"faces": {
				"north": {"uv": [1.48611, 0.68056, 1.50694, 0.69444], "texture": "#2"},
				"east": {"uv": [1.52778, 1.52778, 1.54167, 1.54167], "texture": "#2"},
				"south": {"uv": [0.81944, 1.48611, 0.84028, 1.5], "texture": "#2"},
				"west": {"uv": [0.02778, 1.54167, 0.13889, 1.65278], "texture": "#2"},
				"up": {"uv": [0.88194, 1.5, 0.86111, 1.48611], "texture": "#2"},
				"down": {"uv": [0.92361, 1.48611, 0.90278, 1.5], "texture": "#2"}
			}
		},
		{
			"from": [10, 4.75, 12.625],
			"to": [11.5, 5.75, 13.625],
			"rotation": {"angle": 0, "axis": "y", "origin": [8.00005, 3.25066, 8.00111]},
			"faces": {
				"north": {"uv": [0.98611, 1.48611, 1.00694, 1.5], "texture": "#2"},
				"east": {"uv": [0.05556, 1.54167, 0.06944, 1.55556], "texture": "#2"},
				"south": {"uv": [2.13889, 1.51389, 2.15972, 1.52778], "texture": "#2"},
				"west": {"uv": [1.54167, 0.08333, 1.65278, 0.19444], "texture": "#2"},
				"up": {"uv": [1.09028, 1.5, 1.06944, 1.48611], "texture": "#2"},
				"down": {"uv": [1.17361, 1.48611, 1.15278, 1.5], "texture": "#2"}
			}
		},
		{
			"from": [12.65, 0.75, 3.025],
			"to": [13.65, 1.75, 6.025],
			"rotation": {"angle": 0, "axis": "y", "origin": [8.00005, 3.25066, 8.00111]},
			"faces": {
				"north": {"uv": [3.59722, 5.13889, 3.61111, 5.15278], "texture": "#2"},
				"east": {"uv": [4.33333, 4.91667, 4.375, 4.93056], "texture": "#2"},
				"south": {"uv": [3.76389, 5.13889, 3.77778, 5.15278], "texture": "#2"},
				"west": {"uv": [4.75, 4.41667, 5.08333, 4.52778], "texture": "#2"},
				"up": {"uv": [4.40278, 4.04167, 4.38889, 4], "texture": "#2"},
				"down": {"uv": [3.51389, 4.98611, 3.5, 5.02778], "texture": "#2"}
			}
		},
		{
			"from": [2.35, 0.75, 3.025],
			"to": [3.35, 1.75, 6.025],
			"rotation": {"angle": 0, "axis": "y", "origin": [8.00005, 3.25066, 8.00111]},
			"faces": {
				"north": {"uv": [4.15278, 5.13889, 4.16667, 5.15278], "texture": "#2"},
				"east": {"uv": [4.75, 4.44444, 4.79167, 4.45833], "texture": "#2"},
				"south": {"uv": [4.93056, 3.80556, 4.94444, 3.81944], "texture": "#2"},
				"west": {"uv": [4.08333, 4.31944, 4.41667, 4.43056], "texture": "#2"},
				"up": {"uv": [4.25, 4.88889, 4.23611, 4.84722], "texture": "#2"},
				"down": {"uv": [4.77778, 3.91667, 4.76389, 3.95833], "texture": "#2"}
			}
		},
		{
			"from": [2.35, 0.75, 9.975],
			"to": [3.35, 1.75, 12.975],
			"rotation": {"angle": 0, "axis": "y", "origin": [8.00005, 3.25066, 8.00111]},
			"faces": {
				"north": {"uv": [3.625, 5.15278, 3.63889, 5.16667], "texture": "#2"},
				"east": {"uv": [3.70833, 4.98611, 3.75, 5], "texture": "#2"},
				"south": {"uv": [3.65278, 5.15278, 3.66667, 5.16667], "texture": "#2"},
				"west": {"uv": [4.76389, 3.97222, 5.09722, 4.08333], "texture": "#2"},
				"up": {"uv": [3.77778, 5.02778, 3.76389, 4.98611], "texture": "#2"},
				"down": {"uv": [4.77778, 4, 4.76389, 4.04167], "texture": "#2"}
			}
		},
		{
			"from": [12.65, 0.75, 9.975],
			"to": [13.65, 1.75, 12.975],
			"rotation": {"angle": 0, "axis": "y", "origin": [8.00005, 3.25066, 8.00111]},
			"faces": {
				"north": {"uv": [4.93056, 3.875, 4.94444, 3.88889], "texture": "#2"},
				"east": {"uv": [4.23611, 4.95833, 4.27778, 4.97222], "texture": "#2"},
				"south": {"uv": [3.68056, 5.15278, 3.69444, 5.16667], "texture": "#2"},
				"west": {"uv": [4.76389, 4.05556, 5.09722, 4.16667], "texture": "#2"},
				"up": {"uv": [3.86111, 5.02778, 3.84722, 4.98611], "texture": "#2"},
				"down": {"uv": [4.77778, 4.08333, 4.76389, 4.125], "texture": "#2"}
			}
		},
		{
			"from": [12.65, 1.75, 3.275],
			"to": [13.65, 2.75, 6.025],
			"rotation": {"angle": 0, "axis": "y", "origin": [8.00005, 3.25066, 8.00111]},
			"faces": {
				"north": {"uv": [4.93056, 3.90278, 4.94444, 3.91667], "texture": "#2"},
				"east": {"uv": [4.80556, 4.97222, 4.84375, 4.98611], "texture": "#2"},
				"south": {"uv": [4.93056, 3.93056, 4.94444, 3.94444], "texture": "#2"},
				"west": {"uv": [4.80556, 5, 5.11111, 5.11111], "texture": "#2"},
				"up": {"uv": [3.65278, 5.06597, 3.63889, 5.02778], "texture": "#2"},
				"down": {"uv": [4.81944, 5.02778, 4.80556, 5.06597], "texture": "#2"}
			}
		},
		{
			"from": [2.35, 1.75, 3.275],
			"to": [3.35, 2.75, 6.025],
			"rotation": {"angle": 0, "axis": "y", "origin": [8.00005, 3.25066, 8.00111]},
			"faces": {
				"north": {"uv": [3.79167, 5.15278, 3.80556, 5.16667], "texture": "#2"},
				"east": {"uv": [3.5, 5.04167, 3.53819, 5.05556], "texture": "#2"},
				"south": {"uv": [3.90278, 5.15278, 3.91667, 5.16667], "texture": "#2"},
				"west": {"uv": [4.11111, 5.01389, 4.41667, 5.125], "texture": "#2"},
				"up": {"uv": [3.56944, 5.07986, 3.55556, 5.04167], "texture": "#2"},
				"down": {"uv": [3.73611, 5.04167, 3.72222, 5.07986], "texture": "#2"}
			}
		},
		{
			"from": [2.35, 1.75, 9.975],
			"to": [3.35, 2.75, 12.725],
			"rotation": {"angle": 0, "axis": "y", "origin": [8.00005, 3.25066, 8.00111]},
			"faces": {
				"north": {"uv": [4.29167, 4.93056, 4.30556, 4.94444], "texture": "#2"},
				"east": {"uv": [4.11111, 4.81944, 4.14931, 4.83333], "texture": "#2"},
				"south": {"uv": [4.31944, 4.93056, 4.33333, 4.94444], "texture": "#2"},
				"west": {"uv": [4.81944, 3.97222, 5.125, 4.08333], "texture": "#2"},
				"up": {"uv": [4.18056, 4.85764, 4.16667, 4.81944], "texture": "#2"},
				"down": {"uv": [4.20833, 4.81944, 4.19444, 4.85764], "texture": "#2"}
			}
		},
		{
			"from": [12.65, 1.75, 9.975],
			"to": [13.65, 2.75, 12.725],
			"rotation": {"angle": 0, "axis": "y", "origin": [8.00005, 3.25066, 8.00111]},
			"faces": {
				"north": {"uv": [4.18056, 5.15278, 4.19444, 5.16667], "texture": "#2"},
				"east": {"uv": [4.81944, 4.05556, 4.85764, 4.06944], "texture": "#2"},
				"south": {"uv": [4.20833, 5.15278, 4.22222, 5.16667], "texture": "#2"},
				"west": {"uv": [3.86111, 5.04167, 4.16667, 5.15278], "texture": "#2"},
				"up": {"uv": [4.83333, 4.17708, 4.81944, 4.13889], "texture": "#2"},
				"down": {"uv": [4.83333, 4.19444, 4.81944, 4.23264], "texture": "#2"}
			}
		},
		{
			"from": [12.65, 2.75, 3.775],
			"to": [13.65, 3.75, 6.025],
			"rotation": {"angle": 0, "axis": "y", "origin": [8.00005, 3.25066, 8.00111]},
			"faces": {
				"north": {"uv": [4.23611, 5.15278, 4.25, 5.16667], "texture": "#2"},
				"east": {"uv": [4.84722, 4.16667, 4.87847, 4.18056], "texture": "#2"},
				"south": {"uv": [4.26389, 5.15278, 4.27778, 5.16667], "texture": "#2"},
				"west": {"uv": [4.84722, 4.19444, 5.09722, 4.30556], "texture": "#2"},
				"up": {"uv": [4.22222, 5.08681, 4.20833, 5.05556], "texture": "#2"},
				"down": {"uv": [3.54167, 5.06944, 3.52778, 5.10069], "texture": "#2"}
			}
		},
		{
			"from": [2.35, 2.75, 3.775],
			"to": [3.35, 3.75, 6.025],
			"rotation": {"angle": 0, "axis": "y", "origin": [8.00005, 3.25066, 8.00111]},
			"faces": {
				"north": {"uv": [4.29167, 5.15278, 4.30556, 5.16667], "texture": "#2"},
				"east": {"uv": [4.84722, 4.22222, 4.87847, 4.23611], "texture": "#2"},
				"south": {"uv": [4.31944, 5.15278, 4.33333, 5.16667], "texture": "#2"},
				"west": {"uv": [4.08333, 5.06944, 4.33333, 5.18056], "texture": "#2"},
				"up": {"uv": [4.25, 5.10069, 4.23611, 5.06944], "texture": "#2"},
				"down": {"uv": [4.27778, 5.06944, 4.26389, 5.10069], "texture": "#2"}
			}
		},
		{
			"from": [2.35, 2.75, 9.975],
			"to": [3.35, 3.75, 12.225],
			"rotation": {"angle": 0, "axis": "y", "origin": [8.00005, 3.25066, 8.00111]},
			"faces": {
				"north": {"uv": [4.40278, 5.15278, 4.41667, 5.16667], "texture": "#2"},
				"east": {"uv": [4.29167, 5.06944, 4.32292, 5.08333], "texture": "#2"},
				"south": {"uv": [4.43056, 5.15278, 4.44444, 5.16667], "texture": "#2"},
				"west": {"uv": [4.34722, 5.06944, 4.59722, 5.18056], "texture": "#2"},
				"up": {"uv": [4.41667, 5.10069, 4.40278, 5.06944], "texture": "#2"},
				"down": {"uv": [4.44444, 5.06944, 4.43056, 5.10069], "texture": "#2"}
			}
		},
		{
			"from": [12.65, 2.75, 9.975],
			"to": [13.65, 3.75, 12.225],
			"rotation": {"angle": 0, "axis": "y", "origin": [8.00005, 3.25066, 8.00111]},
			"faces": {
				"north": {"uv": [4.45833, 5.15278, 4.47222, 5.16667], "texture": "#2"},
				"east": {"uv": [4.45833, 5.06944, 4.48958, 5.08333], "texture": "#2"},
				"south": {"uv": [4.48611, 5.15278, 4.5, 5.16667], "texture": "#2"},
				"west": {"uv": [4.51389, 5.06944, 4.76389, 5.18056], "texture": "#2"},
				"up": {"uv": [4.58333, 5.10069, 4.56944, 5.06944], "texture": "#2"},
				"down": {"uv": [4.61111, 5.06944, 4.59722, 5.10069], "texture": "#2"}
			}
		},
		{
			"from": [12.65, 3.75, 4.025],
			"to": [13.65, 4.75, 6.025],
			"rotation": {"angle": 0, "axis": "y", "origin": [8.00005, 3.25066, 8.00111]},
			"faces": {
				"north": {"uv": [4.93056, 4.70833, 4.94444, 4.72222], "texture": "#2"},
				"east": {"uv": [4.22222, 5.31944, 4.25, 5.33333], "texture": "#2"},
				"south": {"uv": [4.93056, 4.73611, 4.94444, 4.75], "texture": "#2"},
				"west": {"uv": [3.68056, 5.09722, 3.90278, 5.20833], "texture": "#2"},
				"up": {"uv": [4.61111, 4.90278, 4.59722, 4.875], "texture": "#2"},
				"down": {"uv": [4.19444, 4.98611, 4.18056, 5.01389], "texture": "#2"}
			}
		},
		{
			"from": [2.35, 3.75, 4.025],
			"to": [3.35, 4.75, 6.025],
			"rotation": {"angle": 0, "axis": "y", "origin": [8.00005, 3.25066, 8.00111]},
			"faces": {
				"north": {"uv": [4.93056, 4.76389, 4.94444, 4.77778], "texture": "#2"},
				"east": {"uv": [3.72222, 5.09722, 3.75, 5.11111], "texture": "#2"},
				"south": {"uv": [4.56944, 5.15278, 4.58333, 5.16667], "texture": "#2"},
				"west": {"uv": [4.875, 3.97222, 5.09722, 4.08333], "texture": "#2"},
				"up": {"uv": [3.56944, 5.125, 3.55556, 5.09722], "texture": "#2"},
				"down": {"uv": [3.77778, 5.09722, 3.76389, 5.125], "texture": "#2"}
			}
		},
		{
			"from": [2.35, 3.75, 9.975],
			"to": [3.35, 4.75, 11.975],
			"rotation": {"angle": 0, "axis": "y", "origin": [8.00005, 3.25066, 8.00111]},
			"faces": {
				"north": {"uv": [4.93056, 4.79167, 4.94444, 4.80556], "texture": "#2"},
				"east": {"uv": [3.79167, 5.09722, 3.81944, 5.11111], "texture": "#2"},
				"south": {"uv": [4.59722, 5.15278, 4.61111, 5.16667], "texture": "#2"},
				"west": {"uv": [4.13889, 5.06944, 4.36111, 5.18056], "texture": "#2"},
				"up": {"uv": [3.88889, 5.125, 3.875, 5.09722], "texture": "#2"},
				"down": {"uv": [4.88889, 4.25, 4.875, 4.27778], "texture": "#2"}
			}
		},
		{
			"from": [12.65, 3.75, 9.975],
			"to": [13.65, 4.75, 11.975],
			"rotation": {"angle": 0, "axis": "y", "origin": [8.00005, 3.25066, 8.00111]},
			"faces": {
				"north": {"uv": [4.625, 5.15278, 4.63889, 5.16667], "texture": "#2"},
				"east": {"uv": [4.875, 4.05556, 4.90278, 4.06944], "texture": "#2"},
				"south": {"uv": [4.65278, 5.15278, 4.66667, 5.16667], "texture": "#2"},
				"west": {"uv": [4.875, 4.29167, 5.09722, 4.40278], "texture": "#2"},
				"up": {"uv": [4.09722, 5.125, 4.08333, 5.09722], "texture": "#2"},
				"down": {"uv": [4.88889, 4.31944, 4.875, 4.34722], "texture": "#2"}
			}
		},
		{
			"from": [12.65, 4.75, 4.525],
			"to": [13.65, 5.75, 6.025],
			"rotation": {"angle": 0, "axis": "y", "origin": [8.00005, 3.25066, 8.00111]},
			"faces": {
				"north": {"uv": [4.68056, 5.15278, 4.69444, 5.16667], "texture": "#2"},
				"east": {"uv": [4.88889, 5.02778, 4.90972, 5.04167], "texture": "#2"},
				"south": {"uv": [4.70833, 5.15278, 4.72222, 5.16667], "texture": "#2"},
				"west": {"uv": [4.81944, 5.11111, 4.98611, 5.22222], "texture": "#2"},
				"up": {"uv": [4.875, 5.13194, 4.86111, 5.11111], "texture": "#2"},
				"down": {"uv": [4.90278, 5.11111, 4.88889, 5.13194], "texture": "#2"}
			}
		},
		{
			"from": [2.35, 4.75, 4.525],
			"to": [3.35, 5.75, 6.025],
			"rotation": {"angle": 0, "axis": "y", "origin": [8.00005, 3.25066, 8.00111]},
			"faces": {
				"north": {"uv": [4.73611, 5.15278, 4.75, 5.16667], "texture": "#2"},
				"east": {"uv": [4.88889, 5.05556, 4.90972, 5.06944], "texture": "#2"},
				"south": {"uv": [4.76389, 5.15278, 4.77778, 5.16667], "texture": "#2"},
				"west": {"uv": [4.23611, 5.01389, 4.40278, 5.125], "texture": "#2"},
				"up": {"uv": [3.51389, 5.14583, 3.5, 5.125], "texture": "#2"},
				"down": {"uv": [3.54167, 5.125, 3.52778, 5.14583], "texture": "#2"}
			}
		},
		{
			"from": [2.35, 4.75, 9.975],
			"to": [3.35, 5.75, 11.475],
			"rotation": {"angle": 0, "axis": "y", "origin": [8.00005, 3.25066, 8.00111]},
			"faces": {
				"north": {"uv": [4.79167, 5.15278, 4.80556, 5.16667], "texture": "#2"},
				"east": {"uv": [3.625, 5.125, 3.64583, 5.13889], "texture": "#2"},
				"south": {"uv": [4.93056, 5.02778, 4.94444, 5.04167], "texture": "#2"},
				"west": {"uv": [4.08333, 4.98611, 4.25, 5.09722], "texture": "#2"},
				"up": {"uv": [4.91667, 3.9375, 4.90278, 3.91667], "texture": "#2"},
				"down": {"uv": [3.72222, 5.125, 3.70833, 5.14583], "texture": "#2"}
			}
		},
		{
			"from": [12.65, 4.75, 9.975],
			"to": [13.65, 5.75, 11.475],
			"rotation": {"angle": 0, "axis": "y", "origin": [8.00005, 3.25066, 8.00111]},
			"faces": {
				"north": {"uv": [4.93056, 5.05556, 4.94444, 5.06944], "texture": "#2"},
				"east": {"uv": [4.90278, 4, 4.92361, 4.01389], "texture": "#2"},
				"south": {"uv": [4.86111, 5.15278, 4.875, 5.16667], "texture": "#2"},
				"west": {"uv": [3.79167, 5.125, 3.95833, 5.23611], "texture": "#2"},
				"up": {"uv": [3.75, 5.14583, 3.73611, 5.125], "texture": "#2"},
				"down": {"uv": [3.84722, 5.125, 3.83333, 5.14583], "texture": "#2"}
			}
		},
		{
			"from": [2.4375, 0, 2.3125],
			"to": [13.5625, 1.1, 13.6875],
			"rotation": {"angle": 0, "axis": "y", "origin": [7.9375, 0.5, 7.875]},
			"faces": {
				"north": {"uv": [13.88889, 0.55556, 14.27778, 0.66667], "texture": "#2"},
				"east": {"uv": [0.77778, 13.88889, 1.16667, 14], "texture": "#2"},
				"south": {"uv": [13.88889, 0.77778, 14.27778, 0.88889], "texture": "#2"},
				"west": {"uv": [13.88889, 1, 14.27778, 1.11111], "texture": "#2"},
				"up": {"uv": [11.88889, 11.91667, 11.66667, 11.66667], "texture": "#2"},
				"down": {"uv": [11.47223, 11.19445, 11.08334, 11.58334], "texture": "#2"}
			}
		}
	],
	"gui_light": "front",
	"display": {
		"thirdperson_righthand": {
			"rotation": [75, 45, 0],
			"translation": [0, 2.5, 0],
			"scale": [0.375, 0.375, 0.375]
		},
		"thirdperson_lefthand": {
			"rotation": [75, 45, 0],
			"translation": [0, 2.5, 0],
			"scale": [0.375, 0.375, 0.375]
		},
		"firstperson_righthand": {
			"rotation": [0, 45, 0],
			"scale": [0.4, 0.4, 0.4]
		},
		"firstperson_lefthand": {
			"rotation": [0, 225, 0],
			"scale": [0.4, 0.4, 0.4]
		},
		"ground": {
			"translation": [0, 3, 0],
			"scale": [0.25, 0.25, 0.25]
		},
		"gui": {
			"rotation": [30, 225, 0],
			"scale": [0.8, 0.7, 0.8]
		},
		"head": {
			"translation": [0, -19.5, 0],
			"scale": [3.2, 3.2, 3.2]
		},
		"fixed": {
			"scale": [0.5, 0.5, 0.5]
		}
	},
	"groups": [
		{
			"name": "octagon",
			"origin": [8, 8, 8],
			"color": 0,
			"nbt": "{}",
			"armAnimationEnabled": false,
			"children": [0, 1, 2, 3, 4, 5, 6, 7]
		},
		8,
		9,
		10,
		11,
		12,
		13,
		14,
		15,
		{
			"name": "engine fancyness",
			"origin": [20, 12, 10.375],
			"color": 0,
			"nbt": "{}",
			"armAnimationEnabled": false,
			"children": [16, 17, 18, 19, 20, 21, 22, 23, 24, 25, 26, 27, 28, 29, 30, 31, 32, 33, 34, 35, 36, 37, 38, 39]
		},
		{
			"name": "engine fancyness",
			"origin": [20, 12, 10.375],
			"color": 0,
			"nbt": "{}",
			"armAnimationEnabled": false,
			"children": [40, 41, 42, 43, 44, 45, 46, 47, 48, 49, 50, 51, 52, 53, 54, 55, 56, 57, 58, 59]
		},
		60
	]
}