{
	"textures": {
		"0": "expansion:vehicles/mech/mech"
	},
	"elements": [
		{
			"from": [
				5,
				-4.5,
				4.5
			],
			"to": [
				9,
				5.5,
				10.5
			],
			"rotation": {
				"angle": 0,
				"axis": "y",
				"origin": [
					6.5,
					3.5,
					8
				]
			},
			"faces": {
				"north": {
					"uv": [
						2.375,
						10.125,
						2.625,
						10.75
					],
					"texture": "#0"
				},
				"east": {
					"uv": [
						3.9375,
						8.375,
						4.3125,
						9
					],
					"texture": "#0"
				},
				"south": {
					"uv": [
						5.8125,
						10.125,
						6.0625,
						10.75
					],
					"texture": "#0"
				},
				"west": {
					"uv": [
						4.375,
						8.375,
						4.75,
						9
					],
					"texture": "#0"
				},
				"up": {
					"uv": [
						4,
						11.375,
						3.75,
						11
					],
					"texture": "#0"
				},
				"down": {
					"uv": [
						11.3125,
						0,
						11.0625,
						0.375
					],
					"texture": "#0"
				}
			}
		},
		{
			"from": [
				4,
				-1.5,
				5.5
			],
			"to": [
				5,
				8.5,
				9.5
			],
			"rotation": {
				"angle": 0,
				"axis": "y",
				"origin": [
					6.5,
					3.5,
					8
				]
			},
			"faces": {
				"north": {
					"uv": [
						3.375,
						7,
						3.4375,
						7.625
					],
					"texture": "#0"
				},
				"east": {
					"uv": [
						6.125,
						10.125,
						6.375,
						10.75
					],
					"texture": "#0"
				},
				"south": {
					"uv": [
						4.875,
						10.3125,
						4.9375,
						10.9375
					],
					"texture": "#0"
				},
				"west": {
					"uv": [
						10.125,
						7.5,
						10.375,
						8.125
					],
					"texture": "#0"
				},
				"up": {
					"uv": [
						6.3125,
						3.25,
						6.25,
						3
					],
					"texture": "#0"
				},
				"down": {
					"uv": [
						6.375,
						0.875,
						6.3125,
						1.125
					],
					"texture": "#0"
				}
			}
		},
		{
			"from": [
				5,
				5.5,
				4.5
			],
			"to": [
				7,
				9.5,
				10.5
			],
			"rotation": {
				"angle": 0,
				"axis": "y",
				"origin": [
					3.5,
					3.5,
					8
				]
			},
			"faces": {
				"north": {
					"uv": [
						0.8125,
						11.6875,
						0.9375,
						11.9375
					],
					"texture": "#0"
				},
				"east": {
					"uv": [
						10.9375,
						1.5,
						11.3125,
						1.75
					],
					"texture": "#0"
				},
				"south": {
					"uv": [
						9.8125,
						11.6875,
						9.9375,
						11.9375
					],
					"texture": "#0"
				},
				"west": {
					"uv": [
						10.9375,
						8.4375,
						11.3125,
						8.6875
					],
					"texture": "#0"
				},
				"up": {
					"uv": [
						2.375,
						11.9375,
						2.25,
						11.5625
					],
					"texture": "#0"
				},
				"down": {
					"uv": [
						11.6875,
						3.5625,
						11.5625,
						3.9375
					],
					"texture": "#0"
				}
			}
		},
		{
			"from": [
				9,
				0.5,
				4.5
			],
			"to": [
				11,
				9.5,
				10.5
			],
			"rotation": {
				"angle": 0,
				"axis": "y",
				"origin": [
					8.5,
					3.5,
					8
				]
			},
			"faces": {
				"north": {
					"uv": [
						2.625,
						7.9375,
						2.75,
						8.5
					],
					"texture": "#0"
				},
				"east": {
					"uv": [
						8.875,
						4.875,
						9.25,
						5.4375
					],
					"texture": "#0"
				},
				"south": {
					"uv": [
						5.8125,
						9.5,
						5.9375,
						10.0625
					],
					"texture": "#0"
				},
				"west": {
					"uv": [
						8.75,
						8.875,
						9.125,
						9.4375
					],
					"texture": "#0"
				},
				"up": {
					"uv": [
						11.6875,
						4.375,
						11.5625,
						4
					],
					"texture": "#0"
				},
				"down": {
					"uv": [
						11.6875,
						4.4375,
						11.5625,
						4.8125
					],
					"texture": "#0"
				}
			}
		},
		{
			"from": [
				9,
				-3.5,
				5.5
			],
			"to": [
				10,
				0.5,
				9.5
			],
			"rotation": {
				"angle": 0,
				"axis": "y",
				"origin": [
					8.5,
					3.5,
					8
				]
			},
			"faces": {
				"north": {
					"uv": [
						0.3125,
						9.8125,
						0.375,
						10.0625
					],
					"texture": "#0"
				},
				"east": {
					"uv": [
						0.25,
						11.5,
						0.5,
						11.75
					],
					"texture": "#0"
				},
				"south": {
					"uv": [
						9.9375,
						0,
						10,
						0.25
					],
					"texture": "#0"
				},
				"west": {
					"uv": [
						1.1875,
						11.5,
						1.4375,
						11.75
					],
					"texture": "#0"
				},
				"up": {
					"uv": [
						11.8125,
						10.25,
						11.75,
						10
					],
					"texture": "#0"
				},
				"down": {
					"uv": [
						10.1875,
						11.75,
						10.125,
						12
					],
					"texture": "#0"
				}
			}
		},
		{
			"from": [
				6,
				-8.5,
				5.5
			],
			"to": [
				8,
				-1.5,
				9.5
			],
			"rotation": {
				"angle": 0,
				"axis": "y",
				"origin": [
					8.5,
					-2.5,
					8
				]
			},
			"faces": {
				"north": {
					"uv": [
						1.875,
						11.5625,
						2,
						12
					],
					"texture": "#0"
				},
				"east": {
					"uv": [
						8.6875,
						10.6875,
						8.9375,
						11.125
					],
					"texture": "#0"
				},
				"south": {
					"uv": [
						2.0625,
						11.5625,
						2.1875,
						12
					],
					"texture": "#0"
				},
				"west": {
					"uv": [
						10.75,
						0,
						11,
						0.4375
					],
					"texture": "#0"
				},
				"up": {
					"uv": [
						2.8125,
						12,
						2.6875,
						11.75
					],
					"texture": "#0"
				},
				"down": {
					"uv": [
						3,
						11.75,
						2.875,
						12
					],
					"texture": "#0"
				}
			}
		}
	]
}