{
	"credit": "Made with Blockbench",
	"texture_size": [64, 64],
	"elements": [
		{
			"name": "oxygen_cannister_0",
			"from": [5, 0, 7],
			"to": [11, 16, 8],
			"faces": {
				"north": {"uv": [5, 16, 11, 0], "rotation": 180, "texture": "#0"},
				"east": {"uv": [10, 0, 11, 16], "texture": "#0"},
				"south": {"uv": [5, 0, 11, 16], "texture": "#0"},
				"west": {"uv": [5, 0, 6, 16], "texture": "#0"},
				"up": {"uv": [11, 0, 5, 1], "rotation": 180, "texture": "#0"},
				"down": {"uv": [5, 15, 11, 16], "texture": "#0"}
			}
		},
		{
			"name": "oxygen_cannister_1",
			"from": [4, 1, 7],
			"to": [5, 15, 8],
			"faces": {
				"north": {"uv": [4, 15, 5, 1], "rotation": 180, "texture": "#0"},
				"east": {"uv": [4, 1, 5, 15], "texture": "#0"},
				"south": {"uv": [4, 1, 5, 15], "texture": "#0"},
				"west": {"uv": [4, 1, 5, 15], "texture": "#0"},
				"up": {"uv": [5, 1, 4, 2], "rotation": 180, "texture": "#0"},
				"down": {"uv": [4, 14, 5, 15], "texture": "#0"}
			}
		},
		{
			"name": "oxygen_cannister_2",
			"from": [11, 1, 7],
			"to": [12, 15, 8],
			"faces": {
				"north": {"uv": [11, 15, 12, 1], "rotation": 180, "texture": "#0"},
				"east": {"uv": [11, 1, 12, 15], "texture": "#0"},
				"south": {"uv": [11, 1, 12, 15], "texture": "#0"},
				"west": {"uv": [11, 1, 12, 15], "texture": "#0"},
				"up": {"uv": [12, 1, 11, 2], "rotation": 180, "texture": "#0"},
				"down": {"uv": [11, 14, 12, 15], "texture": "#0"}
			}
		}
	],
	"gui_light": "front",
	"display": {
		"thirdperson_righthand": {
			"translation": [0, 3, 1],
			"scale": [0.55, 0.55, 0.55]
		},
		"thirdperson_lefthand": {
			"translation": [0, 3, 1],
			"scale": [0.55, 0.55, 0.55]
		},
		"firstperson_righthand": {
			"rotation": [0, -90, 25],
			"translation": [1.13, 4.95, 1.13],
			"scale": [0.68, 0.68, 0.68]
		},
		"firstperson_lefthand": {
			"rotation": [0, -90, 25],
			"translation": [1.13, 4.95, 1.13],
			"scale": [0.68, 0.68, 0.68]
		},
		"ground": {
			"translation": [0, 2, 0],
			"scale": [0.5, 0.5, 0.5]
		},
		"gui": {
			"translation": [0.25, 0.25, 0]
		},
		"head": {
			"rotation": [90, 0, 0]
		}
	},
	"groups": [
		{
			"name": "octagon",
			"origin": [8, 8, 8],
			"color": 0,
			"nbt": "{}",
			"armAnimationEnabled": false,
			"children": []
		},
		{
			"name": "oxygen_cannister",
			"origin": [8, 8, 8],
			"color": 0,
			"nbt": "{}",
			"armAnimationEnabled": false,
			"children": [0, 1, 2]
		}
	]
}