{
	"textures": {
		"0": "expansion:structures/assembler/assembler"
	},
	"elements": [
		{
			"from": [
				0.5,
				7.25,
				7.25
			],
			"to": [
				7.25,
				8.75,
				8.75
			],
			"rotation": {
				"angle": 0,
				"axis": "y",
				"origin": [
					1.5662400000000005,
					-9.77582,
					2
				]
			},
			"faces": {
				"north": {
					"uv": [
						9.75,
						0.9375,
						10.1875,
						1.0625
					],
					"texture": "#0"
				},
				"east": {
					"uv": [
						8.5,
						11.5,
						8.625,
						11.625
					],
					"texture": "#0"
				},
				"south": {
					"uv": [
						2.4375,
						9.75,
						2.875,
						9.875
					],
					"texture": "#0"
				},
				"west": {
					"uv": [
						9,
						11.5,
						9.125,
						11.625
					],
					"texture": "#0"
				},
				"up": {
					"uv": [
						4.8125,
						9.875,
						4.375,
						9.75
					],
					"texture": "#0"
				},
				"down": {
					"uv": [
						5.8125,
						9.75,
						5.375,
						9.875
					],
					"texture": "#0"
				}
			}
		},
		{
			"from": [
				7.25,
				7,
				7
			],
			"to": [
				8.75,
				9,
				9
			],
			"rotation": {
				"angle": 0,
				"axis": "y",
				"origin": [
					1.5662400000000005,
					-9.77582,
					2
				]
			},
			"faces": {
				"north": {
					"uv": [
						11.5,
						9.375,
						11.625,
						9.5
					],
					"texture": "#0"
				},
				"east": {
					"uv": [
						11.5,
						9.5625,
						11.625,
						9.6875
					],
					"texture": "#0"
				},
				"south": {
					"uv": [
						9.625,
						11.5,
						9.75,
						11.625
					],
					"texture": "#0"
				},
				"west": {
					"uv": [
						11.5,
						9.75,
						11.625,
						9.875
					],
					"texture": "#0"
				},
				"up": {
					"uv": [
						9.9375,
						11.625,
						9.8125,
						11.5
					],
					"texture": "#0"
				},
				"down": {
					"uv": [
						11.625,
						10.25,
						11.5,
						10.375
					],
					"texture": "#0"
				}
			}
		}
	],
	"display": {
		"head": {
			"rotation": [
				0,
				180,
				0
			]
		}
	}
}