{
	"textures": {
		"0": "expansion:structures/assembler/assembler"
	},
	"elements": [
		{
			"from": [
				7.4822299999999995,
				6.75,
				10.5
			],
			"to": [
				9.017769999999999,
				9.25,
				11.5
			],
			"rotation": {
				"angle": 0,
				"axis": "y",
				"origin": [
					-9.937849999999997,
					5.850930000000002,
					3.5
				]
			},
			"faces": {
				"north": {
					"uv": [
						11.125,
						8.875,
						11.25,
						9.0625
					],
					"texture": "#0"
				},
				"east": {
					"uv": [
						3.375,
						11.875,
						3.4375,
						12.0625
					],
					"texture": "#0"
				},
				"south": {
					"uv": [
						9.3125,
						11.125,
						9.4375,
						11.3125
					],
					"texture": "#0"
				},
				"west": {
					"uv": [
						3.5,
						11.875,
						3.5625,
						12.0625
					],
					"texture": "#0"
				},
				"up": {
					"uv": [
						9,
						12.25,
						8.875,
						12.1875
					],
					"texture": "#0"
				},
				"down": {
					"uv": [
						9.625,
						12.1875,
						9.5,
						12.25
					],
					"texture": "#0"
				}
			}
		},
		{
			"from": [
				3.74798,
				-4.813420000000001,
				10.5
			],
			"to": [
				4.78351,
				-4.063420000000001,
				11.5
			],
			"rotation": {
				"angle": 45,
				"axis": "z",
				"origin": [
					-9.937849999999997,
					5.850930000000002,
					3.5
				]
			},
			"faces": {
				"north": {
					"uv": [
						6.125,
						12.3125,
						6.1875,
						12.375
					],
					"texture": "#0"
				},
				"east": {
					"uv": [
						6.25,
						12.3125,
						6.3125,
						12.375
					],
					"texture": "#0"
				},
				"south": {
					"uv": [
						6.375,
						12.3125,
						6.4375,
						12.375
					],
					"texture": "#0"
				},
				"west": {
					"uv": [
						6.5,
						12.3125,
						6.5625,
						12.375
					],
					"texture": "#0"
				},
				"up": {
					"uv": [
						6.6875,
						12.375,
						6.625,
						12.3125
					],
					"texture": "#0"
				},
				"down": {
					"uv": [
						12.375,
						6.8125,
						12.3125,
						6.875
					],
					"texture": "#0"
				}
			}
		},
		{
			"from": [
				3.015749999999999,
				-5.831189999999999,
				10.5
			],
			"to": [
				3.765749999999999,
				-4.79566,
				11.5
			],
			"rotation": {
				"angle": 45,
				"axis": "z",
				"origin": [
					-9.937849999999997,
					5.850930000000002,
					3.5
				]
			},
			"faces": {
				"north": {
					"uv": [
						12.3125,
						6.9375,
						12.375,
						7
					],
					"texture": "#0"
				},
				"east": {
					"uv": [
						12.3125,
						7.0625,
						12.375,
						7.125
					],
					"texture": "#0"
				},
				"south": {
					"uv": [
						12.3125,
						7.1875,
						12.375,
						7.25
					],
					"texture": "#0"
				},
				"west": {
					"uv": [
						7.625,
						12.3125,
						7.6875,
						12.375
					],
					"texture": "#0"
				},
				"up": {
					"uv": [
						7.8125,
						12.375,
						7.75,
						12.3125
					],
					"texture": "#0"
				},
				"down": {
					"uv": [
						7.9375,
						12.3125,
						7.875,
						12.375
					],
					"texture": "#0"
				}
			}
		},
		{
			"from": [
				6.75,
				7.482230000000001,
				10.5
			],
			"to": [
				7.5,
				8.517769999999999,
				11.5
			],
			"rotation": {
				"angle": 0,
				"axis": "y",
				"origin": [
					-9.937849999999997,
					5.850930000000002,
					3.5
				]
			},
			"faces": {
				"north": {
					"uv": [
						8.4375,
						12.3125,
						8.5,
						12.375
					],
					"texture": "#0"
				},
				"east": {
					"uv": [
						12.3125,
						8.5,
						12.375,
						8.5625
					],
					"texture": "#0"
				},
				"south": {
					"uv": [
						8.75,
						12.3125,
						8.8125,
						12.375
					],
					"texture": "#0"
				},
				"west": {
					"uv": [
						8.875,
						12.3125,
						8.9375,
						12.375
					],
					"texture": "#0"
				},
				"up": {
					"uv": [
						12.375,
						8.9375,
						12.3125,
						8.875
					],
					"texture": "#0"
				},
				"down": {
					"uv": [
						12.375,
						9,
						12.3125,
						9.0625
					],
					"texture": "#0"
				}
			}
		},
		{
			"from": [
				7.4822299999999995,
				6.75,
				7.5
			],
			"to": [
				9.017769999999999,
				9.25,
				8.5
			],
			"rotation": {
				"angle": 0,
				"axis": "y",
				"origin": [
					-9.937849999999997,
					5.850930000000002,
					3.5
				]
			},
			"faces": {
				"north": {
					"uv": [
						9.5,
						11.125,
						9.625,
						11.3125
					],
					"texture": "#0"
				},
				"east": {
					"uv": [
						4,
						11.875,
						4.0625,
						12.0625
					],
					"texture": "#0"
				},
				"south": {
					"uv": [
						11.125,
						9.5625,
						11.25,
						9.75
					],
					"texture": "#0"
				},
				"west": {
					"uv": [
						11.875,
						4.0625,
						11.9375,
						4.25
					],
					"texture": "#0"
				},
				"up": {
					"uv": [
						12.3125,
						9.875,
						12.1875,
						9.8125
					],
					"texture": "#0"
				},
				"down": {
					"uv": [
						12.3125,
						9.9375,
						12.1875,
						10
					],
					"texture": "#0"
				}
			}
		},
		{
			"from": [
				3.74798,
				-4.813420000000001,
				7.5
			],
			"to": [
				4.78351,
				-4.063420000000001,
				8.5
			],
			"rotation": {
				"angle": 45,
				"axis": "z",
				"origin": [
					-9.937849999999997,
					5.850930000000002,
					3.5
				]
			},
			"faces": {
				"north": {
					"uv": [
						12.3125,
						9.125,
						12.375,
						9.1875
					],
					"texture": "#0"
				},
				"east": {
					"uv": [
						9.4375,
						12.3125,
						9.5,
						12.375
					],
					"texture": "#0"
				},
				"south": {
					"uv": [
						9.5625,
						12.3125,
						9.625,
						12.375
					],
					"texture": "#0"
				},
				"west": {
					"uv": [
						9.8125,
						12.3125,
						9.875,
						12.375
					],
					"texture": "#0"
				},
				"up": {
					"uv": [
						10,
						12.375,
						9.9375,
						12.3125
					],
					"texture": "#0"
				},
				"down": {
					"uv": [
						10.125,
						12.3125,
						10.0625,
						12.375
					],
					"texture": "#0"
				}
			}
		},
		{
			"from": [
				6.75,
				7.482230000000001,
				7.5
			],
			"to": [
				7.5,
				8.517769999999999,
				8.5
			],
			"rotation": {
				"angle": 0,
				"axis": "y",
				"origin": [
					-9.937849999999997,
					5.850930000000002,
					3.5
				]
			},
			"faces": {
				"north": {
					"uv": [
						12.3125,
						10.5625,
						12.375,
						10.625
					],
					"texture": "#0"
				},
				"east": {
					"uv": [
						12.3125,
						10.6875,
						12.375,
						10.75
					],
					"texture": "#0"
				},
				"south": {
					"uv": [
						12.3125,
						10.8125,
						12.375,
						10.875
					],
					"texture": "#0"
				},
				"west": {
					"uv": [
						12.3125,
						10.9375,
						12.375,
						11
					],
					"texture": "#0"
				},
				"up": {
					"uv": [
						12.375,
						11.125,
						12.3125,
						11.0625
					],
					"texture": "#0"
				},
				"down": {
					"uv": [
						12.375,
						11.1875,
						12.3125,
						11.25
					],
					"texture": "#0"
				}
			}
		},
		{
			"from": [
				3.015749999999999,
				-5.831189999999999,
				7.5
			],
			"to": [
				3.765749999999999,
				-4.79566,
				8.5
			],
			"rotation": {
				"angle": 45,
				"axis": "z",
				"origin": [
					-9.937849999999997,
					5.850930000000002,
					3.5
				]
			},
			"faces": {
				"north": {
					"uv": [
						12.3125,
						11.3125,
						12.375,
						11.375
					],
					"texture": "#0"
				},
				"east": {
					"uv": [
						12.3125,
						11.4375,
						12.375,
						11.5
					],
					"texture": "#0"
				},
				"south": {
					"uv": [
						11.6875,
						12.3125,
						11.75,
						12.375
					],
					"texture": "#0"
				},
				"west": {
					"uv": [
						12.3125,
						11.6875,
						12.375,
						11.75
					],
					"texture": "#0"
				},
				"up": {
					"uv": [
						11.875,
						12.375,
						11.8125,
						12.3125
					],
					"texture": "#0"
				},
				"down": {
					"uv": [
						12.375,
						11.8125,
						12.3125,
						11.875
					],
					"texture": "#0"
				}
			}
		}
	],
	"display": {
		"head": {
			"rotation": [
				0,
				180,
				0
			]
		}
	}
}