{
	"textures": {
		"0": "expansion:structures/assembler/assembler"
	},
	"elements": [
		{
			"from": [
				7.4822299999999995,
				6.75,
				10.5
			],
			"to": [
				9.017769999999999,
				9.25,
				11.5
			],
			"rotation": {
				"angle": 0,
				"axis": "y",
				"origin": [
					-8.215780000000002,
					10.008389999999999,
					3.5
				]
			},
			"faces": {
				"north": {
					"uv": [
						10.1875,
						11.125,
						10.3125,
						11.3125
					],
					"texture": "#0"
				},
				"east": {
					"uv": [
						0.125,
						11.9375,
						0.1875,
						12.125
					],
					"texture": "#0"
				},
				"south": {
					"uv": [
						10.375,
						11.125,
						10.5,
						11.3125
					],
					"texture": "#0"
				},
				"west": {
					"uv": [
						0.25,
						11.9375,
						0.3125,
						12.125
					],
					"texture": "#0"
				},
				"up": {
					"uv": [
						12.3125,
						10.125,
						12.1875,
						10.0625
					],
					"texture": "#0"
				},
				"down": {
					"uv": [
						12.3125,
						10.1875,
						12.1875,
						10.25
					],
					"texture": "#0"
				}
			}
		},
		{
			"from": [
				1.3125999999999998,
				-2.3780400000000004,
				10.5
			],
			"to": [
				2.3481299999999994,
				-1.6280400000000004,
				11.5
			],
			"rotation": {
				"angle": 45,
				"axis": "z",
				"origin": [
					-8.215780000000002,
					10.008389999999999,
					3.5
				]
			},
			"faces": {
				"north": {
					"uv": [
						1.25,
						12.375,
						1.3125,
						12.4375
					],
					"texture": "#0"
				},
				"east": {
					"uv": [
						12.375,
						1.25,
						12.4375,
						1.3125
					],
					"texture": "#0"
				},
				"south": {
					"uv": [
						12.375,
						1.375,
						12.4375,
						1.4375
					],
					"texture": "#0"
				},
				"west": {
					"uv": [
						12.375,
						1.5,
						12.4375,
						1.5625
					],
					"texture": "#0"
				},
				"up": {
					"uv": [
						12.4375,
						1.6875,
						12.375,
						1.625
					],
					"texture": "#0"
				},
				"down": {
					"uv": [
						12.4375,
						1.75,
						12.375,
						1.8125
					],
					"texture": "#0"
				}
			}
		},
		{
			"from": [
				0.5803599999999989,
				-3.395810000000001,
				10.5
			],
			"to": [
				1.3303599999999989,
				-2.36027,
				11.5
			],
			"rotation": {
				"angle": 45,
				"axis": "z",
				"origin": [
					-8.215780000000002,
					10.008389999999999,
					3.5
				]
			},
			"faces": {
				"north": {
					"uv": [
						1.8125,
						12.375,
						1.875,
						12.4375
					],
					"texture": "#0"
				},
				"east": {
					"uv": [
						12.375,
						1.875,
						12.4375,
						1.9375
					],
					"texture": "#0"
				},
				"south": {
					"uv": [
						1.9375,
						12.375,
						2,
						12.4375
					],
					"texture": "#0"
				},
				"west": {
					"uv": [
						12.375,
						2,
						12.4375,
						2.0625
					],
					"texture": "#0"
				},
				"up": {
					"uv": [
						12.4375,
						2.1875,
						12.375,
						2.125
					],
					"texture": "#0"
				},
				"down": {
					"uv": [
						12.4375,
						2.25,
						12.375,
						2.3125
					],
					"texture": "#0"
				}
			}
		},
		{
			"from": [
				6.75,
				7.482230000000001,
				10.5
			],
			"to": [
				7.5,
				8.517769999999999,
				11.5
			],
			"rotation": {
				"angle": 0,
				"axis": "y",
				"origin": [
					-8.215780000000002,
					10.008389999999999,
					3.5
				]
			},
			"faces": {
				"north": {
					"uv": [
						2.5625,
						12.375,
						2.625,
						12.4375
					],
					"texture": "#0"
				},
				"east": {
					"uv": [
						12.375,
						2.625,
						12.4375,
						2.6875
					],
					"texture": "#0"
				},
				"south": {
					"uv": [
						2.6875,
						12.375,
						2.75,
						12.4375
					],
					"texture": "#0"
				},
				"west": {
					"uv": [
						12.375,
						2.75,
						12.4375,
						2.8125
					],
					"texture": "#0"
				},
				"up": {
					"uv": [
						2.875,
						12.4375,
						2.8125,
						12.375
					],
					"texture": "#0"
				},
				"down": {
					"uv": [
						12.4375,
						2.875,
						12.375,
						2.9375
					],
					"texture": "#0"
				}
			}
		},
		{
			"from": [
				7.4822299999999995,
				6.75,
				7.5
			],
			"to": [
				9.017769999999999,
				9.25,
				8.5
			],
			"rotation": {
				"angle": 0,
				"axis": "y",
				"origin": [
					-8.215780000000002,
					10.008389999999999,
					3.5
				]
			},
			"faces": {
				"north": {
					"uv": [
						10.5625,
						11.125,
						10.6875,
						11.3125
					],
					"texture": "#0"
				},
				"east": {
					"uv": [
						11.9375,
						0.25,
						12,
						0.4375
					],
					"texture": "#0"
				},
				"south": {
					"uv": [
						10.75,
						11.125,
						10.875,
						11.3125
					],
					"texture": "#0"
				},
				"west": {
					"uv": [
						0.375,
						11.9375,
						0.4375,
						12.125
					],
					"texture": "#0"
				},
				"up": {
					"uv": [
						12.3125,
						10.375,
						12.1875,
						10.3125
					],
					"texture": "#0"
				},
				"down": {
					"uv": [
						12.3125,
						10.4375,
						12.1875,
						10.5
					],
					"texture": "#0"
				}
			}
		},
		{
			"from": [
				1.3125999999999998,
				-2.3780400000000004,
				7.5
			],
			"to": [
				2.3481299999999994,
				-1.6280400000000004,
				8.5
			],
			"rotation": {
				"angle": 45,
				"axis": "z",
				"origin": [
					-8.215780000000002,
					10.008389999999999,
					3.5
				]
			},
			"faces": {
				"north": {
					"uv": [
						12.375,
						3,
						12.4375,
						3.0625
					],
					"texture": "#0"
				},
				"east": {
					"uv": [
						3.125,
						12.375,
						3.1875,
						12.4375
					],
					"texture": "#0"
				},
				"south": {
					"uv": [
						12.375,
						3.125,
						12.4375,
						3.1875
					],
					"texture": "#0"
				},
				"west": {
					"uv": [
						3.25,
						12.375,
						3.3125,
						12.4375
					],
					"texture": "#0"
				},
				"up": {
					"uv": [
						12.4375,
						3.3125,
						12.375,
						3.25
					],
					"texture": "#0"
				},
				"down": {
					"uv": [
						3.4375,
						12.375,
						3.375,
						12.4375
					],
					"texture": "#0"
				}
			}
		},
		{
			"from": [
				6.75,
				7.482230000000001,
				7.5
			],
			"to": [
				7.5,
				8.517769999999999,
				8.5
			],
			"rotation": {
				"angle": 0,
				"axis": "y",
				"origin": [
					-8.215780000000002,
					10.008389999999999,
					3.5
				]
			},
			"faces": {
				"north": {
					"uv": [
						12.375,
						3.375,
						12.4375,
						3.4375
					],
					"texture": "#0"
				},
				"east": {
					"uv": [
						12.375,
						3.5,
						12.4375,
						3.5625
					],
					"texture": "#0"
				},
				"south": {
					"uv": [
						12.375,
						3.625,
						12.4375,
						3.6875
					],
					"texture": "#0"
				},
				"west": {
					"uv": [
						12.375,
						3.75,
						12.4375,
						3.8125
					],
					"texture": "#0"
				},
				"up": {
					"uv": [
						12.4375,
						4.375,
						12.375,
						4.3125
					],
					"texture": "#0"
				},
				"down": {
					"uv": [
						4.5,
						12.375,
						4.4375,
						12.4375
					],
					"texture": "#0"
				}
			}
		},
		{
			"from": [
				0.5803599999999989,
				-3.395810000000001,
				7.5
			],
			"to": [
				1.3303599999999989,
				-2.36027,
				8.5
			],
			"rotation": {
				"angle": 45,
				"axis": "z",
				"origin": [
					-8.215780000000002,
					10.008389999999999,
					3.5
				]
			},
			"faces": {
				"north": {
					"uv": [
						12.375,
						4.4375,
						12.4375,
						4.5
					],
					"texture": "#0"
				},
				"east": {
					"uv": [
						12.375,
						4.5625,
						12.4375,
						4.625
					],
					"texture": "#0"
				},
				"south": {
					"uv": [
						5,
						12.375,
						5.0625,
						12.4375
					],
					"texture": "#0"
				},
				"west": {
					"uv": [
						12.375,
						5.5,
						12.4375,
						5.5625
					],
					"texture": "#0"
				},
				"up": {
					"uv": [
						12.4375,
						5.6875,
						12.375,
						5.625
					],
					"texture": "#0"
				},
				"down": {
					"uv": [
						5.75,
						12.375,
						5.6875,
						12.4375
					],
					"texture": "#0"
				}
			}
		}
	],
	"display": {
		"head": {
			"rotation": [
				0,
				180,
				0
			]
		}
	}
}