{
    "sources": [
        {
            "type": "directory",
            "source": "assembly/block",
			"prefix": "assembly/block/"
        },
		{
            "type": "directory",
            "source": "assembly/gui",
			"prefix": "assembly/gui/"
        },
		{
            "type": "directory",
            "source": "assembly/item",
			"prefix": "assembly/item/"
        },
		{
            "type": "directory",
            "source": "base/block",
			"prefix": "base/block/"
        },
		{
            "type": "directory",
            "source": "base/gui",
			"prefix": "base/gui/"
        },
		{
            "type": "directory",
            "source": "base/item",
			"prefix": "base/item/"
        },
		{
            "type": "directory",
            "source": "compat/item",
			"prefix": "compat/item/"
        },
		{
            "type": "directory",
            "source": "gadgets/block",
			"prefix": "gadgets/block/"
        },
		{
            "type": "directory",
            "source": "gadgets/gui",
			"prefix": "gadgets/gui/"
        },
		{
            "type": "directory",
            "source": "gadgets/item",
			"prefix": "gadgets/item/"
        },
		{
            "type": "directory",
            "source": "machines/block",
			"prefix": "machines/block/"
        },
		{
            "type": "directory",
            "source": "machines/gui",
			"prefix": "machines/gui/"
        },
		{
            "type": "directory",
            "source": "machines/item",
			"prefix": "machines/item/"
        },
		{
            "type": "directory",
            "source": "nuclear",
			"prefix": "nuclear/"
        }
	]
}