{
	"credit": "Made with Blockbench",
	"texture_size": [80, 80],
	"textures": {
		"1": "expansion:tools/pst"
	},
	"elements": [
		{
			"from": [2, 0, 2],
			"to": [14, 1, 14],
			"faces": {
				"north": {"uv": [9.2, 1.8, 11.6, 2], "texture": "#1"},
				"east": {"uv": [9.2, 2.2, 11.6, 2.4], "texture": "#1"},
				"south": {"uv": [9.2, 2.6, 11.6, 2.8], "texture": "#1"},
				"west": {"uv": [9.2, 3, 11.6, 3.2], "texture": "#1"},
				"up": {"uv": [2.4, 2.4, 0, 0], "texture": "#1"},
				"down": {"uv": [2.4, 2.6, 0, 5], "texture": "#1"}
			}
		},
		{
			"from": [2, 13, 2],
			"to": [14, 14, 14],
			"rotation": {"angle": 0, "axis": "y", "origin": [0, 16, 0]},
			"faces": {
				"north": {"uv": [9.2, 3.4, 11.6, 3.6], "texture": "#1"},
				"east": {"uv": [9.2, 3.8, 11.6, 4], "texture": "#1"},
				"south": {"uv": [9.8, 4.2, 12.2, 4.4], "texture": "#1"},
				"west": {"uv": [9.8, 4.6, 12.2, 4.8], "texture": "#1"},
				"up": {"uv": [5, 2.4, 2.6, 0], "texture": "#1"},
				"down": {"uv": [5, 2.6, 2.6, 5], "texture": "#1"}
			}
		},
		{
			"from": [4, 14, 4],
			"to": [12, 14.5, 12],
			"rotation": {"angle": 0, "axis": "y", "origin": [0, 16, 0]},
			"faces": {
				"north": {"uv": [10.6, 9, 12.2, 9.2], "texture": "#1"},
				"east": {"uv": [10, 10.6, 11.6, 10.8], "texture": "#1"},
				"south": {"uv": [10.8, 0, 12.4, 0.2], "texture": "#1"},
				"west": {"uv": [10.8, 0.4, 12.4, 0.6], "texture": "#1"},
				"up": {"uv": [3.4, 9, 1.8, 7.4], "texture": "#1"},
				"down": {"uv": [9, 1.8, 7.4, 3.4], "texture": "#1"}
			}
		},
		{
			"from": [13, 1.25, 13],
			"to": [14, 12.75, 14],
			"rotation": {"angle": 0, "axis": "y", "origin": [0, 16, 0]},
			"faces": {
				"north": {"uv": [6.4, 9, 6.6, 11.4], "texture": "#1"},
				"east": {"uv": [6.8, 9, 7, 11.4], "texture": "#1"},
				"south": {"uv": [3.2, 9.2, 3.4, 11.6], "texture": "#1"},
				"west": {"uv": [7.2, 9.2, 7.4, 11.6], "texture": "#1"},
				"up": {"uv": [13, 8.6, 12.8, 8.4], "texture": "#1"},
				"down": {"uv": [13, 8.8, 12.8, 9], "texture": "#1"}
			}
		},
		{
			"from": [12.75, -0.25, 12.75],
			"to": [14.25, 1.25, 14.25],
			"rotation": {"angle": 0, "axis": "y", "origin": [0, 16, 0]},
			"faces": {
				"north": {"uv": [3.6, 7.4, 4, 7.8], "texture": "#1"},
				"east": {"uv": [3.6, 8, 4, 8.4], "texture": "#1"},
				"south": {"uv": [10.8, 1.2, 11.2, 1.6], "texture": "#1"},
				"west": {"uv": [10, 11, 10.4, 11.4], "texture": "#1"},
				"up": {"uv": [11, 11.4, 10.6, 11], "texture": "#1"},
				"down": {"uv": [11.6, 11, 11.2, 11.4], "texture": "#1"}
			}
		},
		{
			"from": [12.75, 12.75, 12.75],
			"to": [14.25, 14.25, 14.25],
			"faces": {
				"north": {"uv": [12, 1.2, 12.4, 1.6], "texture": "#1"},
				"east": {"uv": [3.6, 12, 4, 12.4], "texture": "#1"},
				"south": {"uv": [4.2, 12, 4.6, 12.4], "texture": "#1"},
				"west": {"uv": [12, 5, 12.4, 5.4], "texture": "#1"},
				"up": {"uv": [9.2, 12.4, 8.8, 12], "texture": "#1"},
				"down": {"uv": [9.8, 12, 9.4, 12.4], "texture": "#1"}
			}
		},
		{
			"from": [1.75, -0.25, 12.75],
			"to": [3.25, 1.25, 14.25],
			"rotation": {"angle": 0, "axis": "y", "origin": [16, 16, 0]},
			"faces": {
				"north": {"uv": [11.4, 1.2, 11.8, 1.6], "texture": "#1"},
				"east": {"uv": [5.2, 11.6, 5.6, 12], "texture": "#1"},
				"south": {"uv": [5.8, 11.6, 6.2, 12], "texture": "#1"},
				"west": {"uv": [6.4, 11.6, 6.8, 12], "texture": "#1"},
				"up": {"uv": [10.4, 12, 10, 11.6], "texture": "#1"},
				"down": {"uv": [11, 11.6, 10.6, 12], "texture": "#1"}
			}
		},
		{
			"from": [1.75, 12.75, 12.75],
			"to": [3.25, 14.25, 14.25],
			"rotation": {"angle": 0, "axis": "y", "origin": [16, 0, 0]},
			"faces": {
				"north": {"uv": [4.8, 12.2, 5.2, 12.6], "texture": "#1"},
				"east": {"uv": [5.4, 12.2, 5.8, 12.6], "texture": "#1"},
				"south": {"uv": [12.2, 5.6, 12.6, 6], "texture": "#1"},
				"west": {"uv": [6, 12.2, 6.4, 12.6], "texture": "#1"},
				"up": {"uv": [12.6, 6.6, 12.2, 6.2], "texture": "#1"},
				"down": {"uv": [12.6, 6.8, 12.2, 7.2], "texture": "#1"}
			}
		},
		{
			"from": [1.75, -0.25, 1.75],
			"to": [3.25, 1.25, 3.25],
			"rotation": {"angle": 0, "axis": "y", "origin": [16, 16, 16]},
			"faces": {
				"north": {"uv": [11.2, 11.6, 11.6, 12], "texture": "#1"},
				"east": {"uv": [11.8, 1.8, 12.2, 2.2], "texture": "#1"},
				"south": {"uv": [2.4, 11.8, 2.8, 12.2], "texture": "#1"},
				"west": {"uv": [11.8, 2.4, 12.2, 2.8], "texture": "#1"},
				"up": {"uv": [3.4, 12.2, 3, 11.8], "texture": "#1"},
				"down": {"uv": [12.2, 3, 11.8, 3.4], "texture": "#1"}
			}
		},
		{
			"from": [1.75, 12.75, 1.75],
			"to": [3.25, 14.25, 3.25],
			"rotation": {"angle": 0, "axis": "y", "origin": [16, 0, 16]},
			"faces": {
				"north": {"uv": [10, 12.2, 10.4, 12.6], "texture": "#1"},
				"east": {"uv": [10.6, 12.2, 11, 12.6], "texture": "#1"},
				"south": {"uv": [11.2, 12.2, 11.6, 12.6], "texture": "#1"},
				"west": {"uv": [11.8, 12.2, 12.2, 12.6], "texture": "#1"},
				"up": {"uv": [0.4, 12.8, 0, 12.4], "texture": "#1"},
				"down": {"uv": [12.8, 1.8, 12.4, 2.2], "texture": "#1"}
			}
		},
		{
			"from": [12.75, -0.25, 1.75],
			"to": [14.25, 1.25, 3.25],
			"rotation": {"angle": 0, "axis": "y", "origin": [0, 16, 16]},
			"faces": {
				"north": {"uv": [11.8, 3.6, 12.2, 4], "texture": "#1"},
				"east": {"uv": [7, 11.8, 7.4, 12.2], "texture": "#1"},
				"south": {"uv": [7.6, 11.8, 8, 12.2], "texture": "#1"},
				"west": {"uv": [8.2, 11.8, 8.6, 12.2], "texture": "#1"},
				"up": {"uv": [12.2, 10.2, 11.8, 9.8], "texture": "#1"},
				"down": {"uv": [12.2, 10.4, 11.8, 10.8], "texture": "#1"}
			}
		},
		{
			"from": [12.75, 12.75, 1.75],
			"to": [14.25, 14.25, 3.25],
			"rotation": {"angle": 0, "axis": "y", "origin": [0, 0, 16]},
			"faces": {
				"north": {"uv": [2.4, 12.4, 2.8, 12.8], "texture": "#1"},
				"east": {"uv": [12.4, 2.4, 12.8, 2.8], "texture": "#1"},
				"south": {"uv": [3, 12.4, 3.4, 12.8], "texture": "#1"},
				"west": {"uv": [12.4, 3, 12.8, 3.4], "texture": "#1"},
				"up": {"uv": [12.8, 4, 12.4, 3.6], "texture": "#1"},
				"down": {"uv": [12.8, 4.2, 12.4, 4.6], "texture": "#1"}
			}
		},
		{
			"from": [13, 1, 2],
			"to": [14, 13, 3],
			"rotation": {"angle": 0, "axis": "y", "origin": [0, 16, 0]},
			"faces": {
				"north": {"uv": [7.6, 9.2, 7.8, 11.6], "texture": "#1"},
				"east": {"uv": [8, 9.2, 8.2, 11.6], "texture": "#1"},
				"south": {"uv": [8.4, 9.2, 8.6, 11.6], "texture": "#1"},
				"west": {"uv": [3.6, 9.4, 3.8, 11.8], "texture": "#1"},
				"up": {"uv": [13, 9.4, 12.8, 9.2], "texture": "#1"},
				"down": {"uv": [13, 9.6, 12.8, 9.8], "texture": "#1"}
			}
		},
		{
			"from": [2, 1, 2],
			"to": [3, 13, 3],
			"rotation": {"angle": 0, "axis": "y", "origin": [0, 16, 0]},
			"faces": {
				"north": {"uv": [4, 9.4, 4.2, 11.8], "texture": "#1"},
				"east": {"uv": [4.4, 9.4, 4.6, 11.8], "texture": "#1"},
				"south": {"uv": [4.8, 9.4, 5, 11.8], "texture": "#1"},
				"west": {"uv": [8.8, 9.4, 9, 11.8], "texture": "#1"},
				"up": {"uv": [10, 13, 9.8, 12.8], "texture": "#1"},
				"down": {"uv": [13, 10, 12.8, 10.2], "texture": "#1"}
			}
		},
		{
			"from": [2, 1, 13],
			"to": [3, 13, 14],
			"rotation": {"angle": 0, "axis": "y", "origin": [0, 16, 0]},
			"faces": {
				"north": {"uv": [9.2, 9.4, 9.4, 11.8], "texture": "#1"},
				"east": {"uv": [9.6, 9.4, 9.8, 11.8], "texture": "#1"},
				"south": {"uv": [0, 9.8, 0.2, 12.2], "texture": "#1"},
				"west": {"uv": [0.4, 9.8, 0.6, 12.2], "texture": "#1"},
				"up": {"uv": [10.4, 13, 10.2, 12.8], "texture": "#1"},
				"down": {"uv": [13, 10.4, 12.8, 10.6], "texture": "#1"}
			}
		},
		{
			"from": [2.75, 1, 7],
			"to": [4, 2.25, 7.25],
			"rotation": {"angle": 0, "axis": "y", "origin": [0, 16, 0]},
			"faces": {
				"north": {"uv": [10.6, 12.8, 10.8, 13], "texture": "#1"},
				"east": {"uv": [12.8, 10.8, 13, 11], "texture": "#1"},
				"south": {"uv": [11, 12.8, 11.2, 13], "texture": "#1"},
				"west": {"uv": [12.8, 11.2, 13, 11.4], "texture": "#1"},
				"up": {"uv": [11.6, 13, 11.4, 12.8], "texture": "#1"},
				"down": {"uv": [13, 11.6, 12.8, 11.8], "texture": "#1"}
			}
		},
		{
			"from": [2.75, 11.75, 7],
			"to": [4, 13, 7.25],
			"faces": {
				"north": {"uv": [9.6, 13.2, 9.8, 13.4], "texture": "#1"},
				"east": {"uv": [13.2, 9.6, 13.4, 9.8], "texture": "#1"},
				"south": {"uv": [10, 13.2, 10.2, 13.4], "texture": "#1"},
				"west": {"uv": [13.2, 10, 13.4, 10.2], "texture": "#1"},
				"up": {"uv": [10.6, 13.4, 10.4, 13.2], "texture": "#1"},
				"down": {"uv": [13.4, 10.4, 13.2, 10.6], "texture": "#1"}
			}
		},
		{
			"from": [2.75, 1, 8.75],
			"to": [4, 2.25, 9],
			"rotation": {"angle": 0, "axis": "y", "origin": [0, 16, 0]},
			"faces": {
				"north": {"uv": [13.2, 6, 13.4, 6.2], "texture": "#1"},
				"east": {"uv": [13.2, 6.4, 13.4, 6.6], "texture": "#1"},
				"south": {"uv": [13.2, 6.8, 13.4, 7], "texture": "#1"},
				"west": {"uv": [13.2, 7.2, 13.4, 7.4], "texture": "#1"},
				"up": {"uv": [13.4, 7.8, 13.2, 7.6], "texture": "#1"},
				"down": {"uv": [13.4, 8, 13.2, 8.2], "texture": "#1"}
			}
		},
		{
			"from": [2.75, 11.75, 8.75],
			"to": [4, 13, 9],
			"faces": {
				"north": {"uv": [8.4, 13.2, 8.6, 13.4], "texture": "#1"},
				"east": {"uv": [13.2, 8.4, 13.4, 8.6], "texture": "#1"},
				"south": {"uv": [8.8, 13.2, 9, 13.4], "texture": "#1"},
				"west": {"uv": [13.2, 8.8, 13.4, 9], "texture": "#1"},
				"up": {"uv": [9.4, 13.4, 9.2, 13.2], "texture": "#1"},
				"down": {"uv": [13.4, 9.2, 13.2, 9.4], "texture": "#1"}
			}
		},
		{
			"from": [7, 1, 12],
			"to": [7.25, 2.25, 13.25],
			"rotation": {"angle": 0, "axis": "y", "origin": [3.25, 1.75, 17]},
			"faces": {
				"north": {"uv": [13, 0, 13.2, 0.2], "texture": "#1"},
				"east": {"uv": [13, 1.2, 13.2, 1.4], "texture": "#1"},
				"south": {"uv": [13, 1.6, 13.2, 1.8], "texture": "#1"},
				"west": {"uv": [13, 2, 13.2, 2.2], "texture": "#1"},
				"up": {"uv": [2.4, 13.2, 2.2, 13], "texture": "#1"},
				"down": {"uv": [13.2, 2.4, 13, 2.6], "texture": "#1"}
			}
		},
		{
			"from": [7, 11.75, 12],
			"to": [7.25, 13, 13.25],
			"rotation": {"angle": 0, "axis": "y", "origin": [3.25, 14.25, 17]},
			"faces": {
				"north": {"uv": [12, 13.2, 12.2, 13.4], "texture": "#1"},
				"east": {"uv": [13.2, 12, 13.4, 12.2], "texture": "#1"},
				"south": {"uv": [12.4, 13.2, 12.6, 13.4], "texture": "#1"},
				"west": {"uv": [13.2, 12.4, 13.4, 12.6], "texture": "#1"},
				"up": {"uv": [13, 13.4, 12.8, 13.2], "texture": "#1"},
				"down": {"uv": [13.4, 13.2, 13.2, 13.4], "texture": "#1"}
			}
		},
		{
			"from": [8.75, 1, 12],
			"to": [9, 2.25, 13.25],
			"rotation": {"angle": 0, "axis": "y", "origin": [3.25, 1.75, 17]},
			"faces": {
				"north": {"uv": [13, 4.4, 13.2, 4.6], "texture": "#1"},
				"east": {"uv": [13, 4.8, 13.2, 5], "texture": "#1"},
				"south": {"uv": [6.8, 13, 7, 13.2], "texture": "#1"},
				"west": {"uv": [7.2, 13, 7.4, 13.2], "texture": "#1"},
				"up": {"uv": [7.8, 13.2, 7.6, 13], "texture": "#1"},
				"down": {"uv": [8.2, 13, 8, 13.2], "texture": "#1"}
			}
		},
		{
			"from": [8.75, 11.75, 12],
			"to": [9, 13, 13.25],
			"rotation": {"angle": 0, "axis": "y", "origin": [3.25, 14.25, 17]},
			"faces": {
				"north": {"uv": [10.8, 13.2, 11, 13.4], "texture": "#1"},
				"east": {"uv": [13.2, 10.8, 13.4, 11], "texture": "#1"},
				"south": {"uv": [11.2, 13.2, 11.4, 13.4], "texture": "#1"},
				"west": {"uv": [13.2, 11.2, 13.4, 11.4], "texture": "#1"},
				"up": {"uv": [11.8, 13.4, 11.6, 13.2], "texture": "#1"},
				"down": {"uv": [13.4, 11.6, 13.2, 11.8], "texture": "#1"}
			}
		},
		{
			"from": [4, 1, 4],
			"to": [12, 2.5, 4.5],
			"rotation": {"angle": 0, "axis": "y", "origin": [3.25, 1.75, -1]},
			"faces": {
				"north": {"uv": [7.4, 3.6, 9, 4], "texture": "#1"},
				"east": {"uv": [6.6, 12.2, 6.8, 12.6], "texture": "#1"},
				"south": {"uv": [8, 4.2, 9.6, 4.6], "texture": "#1"},
				"west": {"uv": [7, 12.4, 7.2, 12.8], "texture": "#1"},
				"up": {"uv": [11.6, 10, 10, 9.8], "texture": "#1"},
				"down": {"uv": [2.4, 10.2, 0.8, 10.4], "texture": "#1"}
			}
		},
		{
			"from": [4, 11.5, 4],
			"to": [12, 13, 4.5],
			"rotation": {"angle": 0, "axis": "y", "origin": [3.25, 14.25, -1]},
			"faces": {
				"north": {"uv": [8, 7, 9.6, 7.4], "texture": "#1"},
				"east": {"uv": [12.4, 9.2, 12.6, 9.6], "texture": "#1"},
				"south": {"uv": [7.2, 8, 8.8, 8.4], "texture": "#1"},
				"west": {"uv": [12.4, 9.8, 12.6, 10.2], "texture": "#1"},
				"up": {"uv": [12.2, 7.6, 10.6, 7.4], "texture": "#1"},
				"down": {"uv": [12.2, 7.8, 10.6, 8], "texture": "#1"}
			}
		},
		{
			"from": [4, 1, 11.5],
			"to": [12, 2.5, 12],
			"rotation": {"angle": 0, "axis": "y", "origin": [3.25, 1.75, -1]},
			"faces": {
				"north": {"uv": [8, 4.8, 9.6, 5.2], "texture": "#1"},
				"east": {"uv": [7.4, 12.4, 7.6, 12.8], "texture": "#1"},
				"south": {"uv": [8, 5.4, 9.6, 5.8], "texture": "#1"},
				"west": {"uv": [12.4, 7.4, 12.6, 7.8], "texture": "#1"},
				"up": {"uv": [11.6, 10.4, 10, 10.2], "texture": "#1"},
				"down": {"uv": [2.4, 10.6, 0.8, 10.8], "texture": "#1"}
			}
		},
		{
			"from": [4, 11.5, 11.5],
			"to": [12, 13, 12],
			"rotation": {"angle": 0, "axis": "y", "origin": [3.25, 14.25, -1]},
			"faces": {
				"north": {"uv": [7.2, 8.6, 8.8, 9], "texture": "#1"},
				"east": {"uv": [12.4, 10.4, 12.6, 10.8], "texture": "#1"},
				"south": {"uv": [3.6, 8.8, 5.2, 9.2], "texture": "#1"},
				"west": {"uv": [12.4, 12.2, 12.6, 12.6], "texture": "#1"},
				"up": {"uv": [12.2, 8.4, 10.6, 8.2], "texture": "#1"},
				"down": {"uv": [12.2, 8.6, 10.6, 8.8], "texture": "#1"}
			}
		},
		{
			"from": [4, 1, 4.5],
			"to": [4.5, 2.5, 11.5],
			"rotation": {"angle": 0, "axis": "y", "origin": [3.25, 1.75, -1]},
			"faces": {
				"north": {"uv": [7.8, 12.4, 8, 12.8], "texture": "#1"},
				"east": {"uv": [9, 7.6, 10.4, 8], "texture": "#1"},
				"south": {"uv": [12.4, 8, 12.6, 8.4], "texture": "#1"},
				"west": {"uv": [9, 8.2, 10.4, 8.6], "texture": "#1"},
				"up": {"uv": [5.4, 11.4, 5.2, 10], "texture": "#1"},
				"down": {"uv": [5.8, 10, 5.6, 11.4], "texture": "#1"}
			}
		},
		{
			"from": [4, 11.5, 4.5],
			"to": [4.5, 13, 11.5],
			"rotation": {"angle": 0, "axis": "y", "origin": [3.25, 14.25, -1]},
			"faces": {
				"north": {"uv": [12.6, 0, 12.8, 0.4], "texture": "#1"},
				"east": {"uv": [9.2, 0, 10.6, 0.4], "texture": "#1"},
				"south": {"uv": [0.6, 12.6, 0.8, 13], "texture": "#1"},
				"west": {"uv": [9.2, 0.6, 10.6, 1], "texture": "#1"},
				"up": {"uv": [1, 12.4, 0.8, 11], "texture": "#1"},
				"down": {"uv": [1.4, 11, 1.2, 12.4], "texture": "#1"}
			}
		},
		{
			"from": [11.5, 1, 4.5],
			"to": [12, 2.5, 11.5],
			"rotation": {"angle": 0, "axis": "y", "origin": [3.25, 1.75, -1]},
			"faces": {
				"north": {"uv": [8.2, 12.4, 8.4, 12.8], "texture": "#1"},
				"east": {"uv": [9, 8.8, 10.4, 9.2], "texture": "#1"},
				"south": {"uv": [12.4, 8.6, 12.6, 9], "texture": "#1"},
				"west": {"uv": [0, 9.2, 1.4, 9.6], "texture": "#1"},
				"up": {"uv": [6.2, 11.4, 6, 10], "texture": "#1"},
				"down": {"uv": [2.8, 10.2, 2.6, 11.6], "texture": "#1"}
			}
		},
		{
			"from": [11.5, 11.5, 4.5],
			"to": [12, 13, 11.5],
			"rotation": {"angle": 0, "axis": "y", "origin": [3.25, 14.25, -1]},
			"faces": {
				"north": {"uv": [1, 12.6, 1.2, 13], "texture": "#1"},
				"east": {"uv": [9.2, 1.2, 10.6, 1.6], "texture": "#1"},
				"south": {"uv": [12.6, 1.2, 12.8, 1.6], "texture": "#1"},
				"west": {"uv": [1.6, 9.2, 3, 9.6], "texture": "#1"},
				"up": {"uv": [1.8, 12.4, 1.6, 11], "texture": "#1"},
				"down": {"uv": [2.2, 11, 2, 12.4], "texture": "#1"}
			}
		},
		{
			"from": [8.75, 1, 2.75],
			"to": [9, 2.25, 4],
			"rotation": {"angle": 0, "axis": "y", "origin": [3.25, 1.75, -1]},
			"faces": {
				"north": {"uv": [2.6, 13, 2.8, 13.2], "texture": "#1"},
				"east": {"uv": [13, 2.8, 13.2, 3], "texture": "#1"},
				"south": {"uv": [3, 13, 3.2, 13.2], "texture": "#1"},
				"west": {"uv": [13, 3.2, 13.2, 3.4], "texture": "#1"},
				"up": {"uv": [13.2, 3.8, 13, 3.6], "texture": "#1"},
				"down": {"uv": [13.2, 4, 13, 4.2], "texture": "#1"}
			}
		},
		{
			"from": [8.75, 11.75, 2.75],
			"to": [9, 13, 4],
			"rotation": {"angle": 0, "axis": "y", "origin": [3.25, 14.25, -1]},
			"faces": {
				"north": {"uv": [5.8, 13.4, 6, 13.6], "texture": "#1"},
				"east": {"uv": [6.2, 13.4, 6.4, 13.6], "texture": "#1"},
				"south": {"uv": [6.6, 13.4, 6.8, 13.6], "texture": "#1"},
				"west": {"uv": [7, 13.4, 7.2, 13.6], "texture": "#1"},
				"up": {"uv": [7.6, 13.6, 7.4, 13.4], "texture": "#1"},
				"down": {"uv": [8, 13.4, 7.8, 13.6], "texture": "#1"}
			}
		},
		{
			"from": [7, 1, 2.75],
			"to": [7.25, 2.25, 4],
			"rotation": {"angle": 0, "axis": "y", "origin": [3.25, 1.75, -1]},
			"faces": {
				"north": {"uv": [1.6, 13.2, 1.8, 13.4], "texture": "#1"},
				"east": {"uv": [3.4, 13.2, 3.6, 13.4], "texture": "#1"},
				"south": {"uv": [3.8, 13.2, 4, 13.4], "texture": "#1"},
				"west": {"uv": [4.2, 13.2, 4.4, 13.4], "texture": "#1"},
				"up": {"uv": [13.4, 5.4, 13.2, 5.2], "texture": "#1"},
				"down": {"uv": [13.4, 5.6, 13.2, 5.8], "texture": "#1"}
			}
		},
		{
			"from": [7, 11.75, 2.75],
			"to": [7.25, 13, 4],
			"rotation": {"angle": 0, "axis": "y", "origin": [3.25, 14.25, -1]},
			"faces": {
				"north": {"uv": [13.4, 4, 13.6, 4.2], "texture": "#1"},
				"east": {"uv": [13.4, 4.4, 13.6, 4.6], "texture": "#1"},
				"south": {"uv": [4.6, 13.4, 4.8, 13.6], "texture": "#1"},
				"west": {"uv": [13.4, 4.8, 13.6, 5], "texture": "#1"},
				"up": {"uv": [5.2, 13.6, 5, 13.4], "texture": "#1"},
				"down": {"uv": [5.6, 13.4, 5.4, 13.6], "texture": "#1"}
			}
		},
		{
			"from": [12, 1, 8.75],
			"to": [13.25, 2.25, 9],
			"rotation": {"angle": 0, "axis": "y", "origin": [0, 16, 0]},
			"faces": {
				"north": {"uv": [11.8, 12.8, 12, 13], "texture": "#1"},
				"east": {"uv": [12.8, 12, 13, 12.2], "texture": "#1"},
				"south": {"uv": [12.2, 12.8, 12.4, 13], "texture": "#1"},
				"west": {"uv": [12.8, 12.4, 13, 12.6], "texture": "#1"},
				"up": {"uv": [12.8, 13, 12.6, 12.8], "texture": "#1"},
				"down": {"uv": [0.2, 13, 0, 13.2], "texture": "#1"}
			}
		},
		{
			"from": [12, 11.75, 8.75],
			"to": [13.25, 13, 9],
			"faces": {
				"north": {"uv": [2.4, 13.4, 2.6, 13.6], "texture": "#1"},
				"east": {"uv": [13.4, 2.4, 13.6, 2.6], "texture": "#1"},
				"south": {"uv": [2.8, 13.4, 3, 13.6], "texture": "#1"},
				"west": {"uv": [13.4, 2.8, 13.6, 3], "texture": "#1"},
				"up": {"uv": [13.6, 3.4, 13.4, 3.2], "texture": "#1"},
				"down": {"uv": [13.6, 3.6, 13.4, 3.8], "texture": "#1"}
			}
		},
		{
			"from": [12, 1, 7],
			"to": [13.25, 2.25, 7.25],
			"rotation": {"angle": 0, "axis": "y", "origin": [0, 16, 0]},
			"faces": {
				"north": {"uv": [13, 12.8, 13.2, 13], "texture": "#1"},
				"east": {"uv": [0.4, 13.2, 0.6, 13.4], "texture": "#1"},
				"south": {"uv": [13.2, 0.4, 13.4, 0.6], "texture": "#1"},
				"west": {"uv": [0.8, 13.2, 1, 13.4], "texture": "#1"},
				"up": {"uv": [13.4, 1, 13.2, 0.8], "texture": "#1"},
				"down": {"uv": [1.4, 13.2, 1.2, 13.4], "texture": "#1"}
			}
		},
		{
			"from": [12, 11.75, 7],
			"to": [13.25, 13, 7.25],
			"faces": {
				"north": {"uv": [0, 13.4, 0.2, 13.6], "texture": "#1"},
				"east": {"uv": [13.4, 0, 13.6, 0.2], "texture": "#1"},
				"south": {"uv": [13.4, 1.2, 13.6, 1.4], "texture": "#1"},
				"west": {"uv": [13.4, 1.6, 13.6, 1.8], "texture": "#1"},
				"up": {"uv": [2.2, 13.6, 2, 13.4], "texture": "#1"},
				"down": {"uv": [13.6, 2, 13.4, 2.2], "texture": "#1"}
			}
		},
		{
			"from": [3, 1, 3],
			"to": [13, 2, 13],
			"faces": {
				"north": {"uv": [0.8, 9.8, 2.8, 10], "texture": "#1"},
				"east": {"uv": [9.8, 5, 11.8, 5.2], "texture": "#1"},
				"south": {"uv": [9.8, 5.4, 11.8, 5.6], "texture": "#1"},
				"west": {"uv": [9.8, 7, 11.8, 7.2], "texture": "#1"},
				"up": {"uv": [2, 7.2, 0, 5.2], "texture": "#1"},
				"down": {"uv": [7.2, 0, 5.2, 2], "texture": "#1"}
			}
		},
		{
			"from": [3, 12, 3],
			"to": [13, 13, 13],
			"rotation": {"angle": 0, "axis": "y", "origin": [0, 16, 0]},
			"faces": {
				"north": {"uv": [10, 5.8, 12, 6], "texture": "#1"},
				"east": {"uv": [10, 6.2, 12, 6.4], "texture": "#1"},
				"south": {"uv": [10, 6.6, 12, 6.8], "texture": "#1"},
				"west": {"uv": [10, 9.4, 12, 9.6], "texture": "#1"},
				"up": {"uv": [4.2, 7.2, 2.2, 5.2], "texture": "#1"},
				"down": {"uv": [7.2, 2.2, 5.2, 4.2], "texture": "#1"}
			}
		},
		{
			"from": [6, 2, 6],
			"to": [10, 2.75, 10],
			"faces": {
				"north": {"uv": [5.2, 4.4, 6, 4.6], "texture": "#1"},
				"east": {"uv": [5.2, 4.8, 6, 5], "texture": "#1"},
				"south": {"uv": [8, 7.6, 8.8, 7.8], "texture": "#1"},
				"west": {"uv": [10.8, 0.8, 11.6, 1], "texture": "#1"},
				"up": {"uv": [8.8, 6.8, 8, 6], "texture": "#1"},
				"down": {"uv": [7, 8, 6.2, 8.8], "texture": "#1"}
			}
		},
		{
			"from": [6, 11.25, 6],
			"to": [10, 12, 10],
			"rotation": {"angle": 0, "axis": "y", "origin": [0, 16, 0]},
			"faces": {
				"north": {"uv": [11.8, 0.8, 12.6, 1], "texture": "#1"},
				"east": {"uv": [11.8, 11, 12.6, 11.2], "texture": "#1"},
				"south": {"uv": [11.8, 11.4, 12.6, 11.6], "texture": "#1"},
				"west": {"uv": [11.8, 11.8, 12.6, 12], "texture": "#1"},
				"up": {"uv": [6.2, 9.8, 5.4, 9], "texture": "#1"},
				"down": {"uv": [9.8, 6, 9, 6.8], "texture": "#1"}
			}
		},
		{
			"from": [4, 3, 4],
			"to": [12, 11, 12],
			"faces": {
				"north": {"uv": [4.4, 5.2, 6, 6.8], "texture": "#1"},
				"east": {"uv": [6.2, 4.4, 7.8, 6], "texture": "#1"},
				"south": {"uv": [6.2, 6.2, 7.8, 7.8], "texture": "#1"},
				"west": {"uv": [4.4, 7, 6, 8.6], "texture": "#1"},
				"up": {"uv": [1.6, 9, 0, 7.4], "texture": "#1"},
				"down": {"uv": [9, 0, 7.4, 1.6], "texture": "#1"}
			}
		},
		{
			"from": [7.75, 4, 7.5],
			"to": [8.25, 5.5, 8],
			"faces": {
				"north": {"uv": [1.4, 12.6, 1.6, 13], "texture": "#1"},
				"east": {"uv": [1.8, 12.6, 2, 13], "texture": "#1"},
				"south": {"uv": [3.6, 12.6, 3.8, 13], "texture": "#1"},
				"west": {"uv": [4, 12.6, 4.2, 13], "texture": "#1"},
				"up": {"uv": [13.6, 13, 13.4, 12.8], "texture": "#1"},
				"down": {"uv": [0.6, 13.6, 0.4, 13.8], "texture": "#1"}
			}
		},
		{
			"from": [7.75, 4, 8],
			"to": [8.25, 5.5, 8.5],
			"faces": {
				"north": {"uv": [4.4, 12.6, 4.6, 13], "texture": "#1"},
				"east": {"uv": [12.6, 4.8, 12.8, 5.2], "texture": "#1"},
				"south": {"uv": [8.6, 12.6, 8.8, 13], "texture": "#1"},
				"west": {"uv": [9, 12.6, 9.2, 13], "texture": "#1"},
				"up": {"uv": [13.8, 0.6, 13.6, 0.4], "texture": "#1"},
				"down": {"uv": [1, 13.6, 0.8, 13.8], "texture": "#1"}
			}
		},
		{
			"from": [7.75, 5.5, 7.5],
			"to": [8.25, 7, 8.5],
			"faces": {
				"north": {"uv": [9.4, 12.6, 9.6, 13], "texture": "#1"},
				"east": {"uv": [12.8, 0.6, 13, 1], "texture": "#1"},
				"south": {"uv": [4.8, 12.8, 5, 13.2], "texture": "#1"},
				"west": {"uv": [5.2, 12.8, 5.4, 13.2], "texture": "#1"},
				"up": {"uv": [13.8, 1, 13.6, 0.8], "texture": "#1"},
				"down": {"uv": [1.4, 13.6, 1.2, 13.8], "texture": "#1"}
			}
		},
		{
			"from": [7.5, 7, 7.5],
			"to": [8.5, 8, 8.5],
			"faces": {
				"north": {"uv": [13.6, 5.2, 13.8, 5.4], "texture": "#1"},
				"east": {"uv": [13.6, 5.6, 13.8, 5.8], "texture": "#1"},
				"south": {"uv": [13.6, 6, 13.8, 6.2], "texture": "#1"},
				"west": {"uv": [13.6, 6.4, 13.8, 6.6], "texture": "#1"},
				"up": {"uv": [13.8, 7, 13.6, 6.8], "texture": "#1"},
				"down": {"uv": [13.8, 7.2, 13.6, 7.4], "texture": "#1"}
			}
		},
		{
			"from": [7.75, 5.5, 8.5],
			"to": [8.25, 7, 9],
			"rotation": {"angle": 0, "axis": "x", "origin": [8.75, 26.25, 5.25]},
			"faces": {
				"north": {"uv": [12.8, 5.4, 13, 5.8], "texture": "#1"},
				"east": {"uv": [5.6, 12.8, 5.8, 13.2], "texture": "#1"},
				"south": {"uv": [6, 12.8, 6.2, 13.2], "texture": "#1"},
				"west": {"uv": [12.8, 6, 13, 6.4], "texture": "#1"},
				"up": {"uv": [1.8, 13.8, 1.6, 13.6], "texture": "#1"},
				"down": {"uv": [3.4, 13.6, 3.2, 13.8], "texture": "#1"}
			}
		},
		{
			"from": [7.75, 5.5, 7],
			"to": [8.25, 7, 7.5],
			"faces": {
				"north": {"uv": [6.4, 12.8, 6.6, 13.2], "texture": "#1"},
				"east": {"uv": [12.8, 6.6, 13, 7], "texture": "#1"},
				"south": {"uv": [12.8, 7.2, 13, 7.6], "texture": "#1"},
				"west": {"uv": [12.8, 7.8, 13, 8.2], "texture": "#1"},
				"up": {"uv": [3.8, 13.8, 3.6, 13.6], "texture": "#1"},
				"down": {"uv": [4.2, 13.6, 4, 13.8], "texture": "#1"}
			}
		}
	],
	"gui_light": "front",
	"display": {
		"thirdperson_righthand": {
			"rotation": [75, 45, 0],
			"translation": [0, 2.5, 0],
			"scale": [0.375, 0.375, 0.375]
		},
		"thirdperson_lefthand": {
			"rotation": [75, 45, 0],
			"translation": [0, 2.5, 0],
			"scale": [0.375, 0.375, 0.375]
		},
		"firstperson_righthand": {
			"rotation": [0, 45, 0],
			"translation": [0, 3, 0],
			"scale": [0.4, 0.4, 0.4]
		},
		"firstperson_lefthand": {
			"rotation": [0, 225, 0],
			"translation": [0, 3, 0],
			"scale": [0.4, 0.4, 0.4]
		},
		"ground": {
			"translation": [0, 3, 0],
			"scale": [0.25, 0.25, 0.25]
		},
		"gui": {
			"rotation": [30, 225, 0],
			"scale": [0.625, 0.625, 0.625]
		},
		"head": {
			"translation": [0, -27, 0],
			"scale": [2, 2, 2]
		},
		"fixed": {
			"scale": [0.5, 0.5, 0.5]
		}
	},
	"groups": [
		0,
		1,
		2,
		3,
		4,
		5,
		6,
		7,
		8,
		9,
		10,
		11,
		12,
		13,
		14,
		15,
		16,
		17,
		18,
		19,
		20,
		21,
		22,
		23,
		24,
		25,
		26,
		27,
		28,
		29,
		30,
		31,
		32,
		33,
		34,
		35,
		36,
		37,
		38,
		39,
		40,
		41,
		42,
		43,
		{
			"name": "small_player",
			"origin": [0, 0, 0],
			"color": 0,
			"nbt": "{}",
			"armAnimationEnabled": false,
			"children": [44, 45, 46, 47, 48, 49]
		}
	]
}